t,ball,x_mm,y_mm,z_mm,v_mm_s,mode
0.00000,0,-635.000,0.000,28.575,3000.0,Sliding
0.00000,1,635.000,0.000,28.575,0.0,Stationary
0.00500,0,-620.025,0.000,28.575,2990.2,Sliding
0.00500,1,635.000,0.000,28.575,0.0,Stationary
0.01000,0,-605.098,0.000,28.575,2980.4,Sliding
0.01000,1,635.000,0.000,28.575,0.0,Stationary
0.01500,0,-590.221,0.000,28.575,2970.6,Sliding
0.01500,1,635.000,0.000,28.575,0.0,Stationary
0.02000,0,-575.392,0.000,28.575,2960.8,Sliding
0.02000,1,635.000,0.000,28.575,0.0,Stationary
0.02500,0,-560.613,0.000,28.575,2951.0,Sliding
0.02500,1,635.000,0.000,28.575,0.0,Stationary
0.03000,0,-545.883,0.000,28.575,2941.2,Sliding
0.03000,1,635.000,0.000,28.575,0.0,Stationary
0.03500,0,-531.201,0.000,28.575,2931.4,Sliding
0.03500,1,635.000,0.000,28.575,0.0,Stationary
0.04000,0,-516.569,0.000,28.575,2921.5,Sliding
0.04000,1,635.000,0.000,28.575,0.0,Stationary
0.04500,0,-501.986,0.000,28.575,2911.7,Sliding
0.04500,1,635.000,0.000,28.575,0.0,Stationary
0.05000,0,-487.452,0.000,28.575,2901.9,Sliding
0.05000,1,635.000,0.000,28.575,0.0,Stationary
0.05500,0,-472.967,0.000,28.575,2892.1,Sliding
0.05500,1,635.000,0.000,28.575,0.0,Stationary
0.06000,0,-458.530,0.000,28.575,2882.3,Sliding
0.06000,1,635.000,0.000,28.575,0.0,Stationary
0.06500,0,-444.143,0.000,28.575,2872.5,Sliding
0.06500,1,635.000,0.000,28.575,0.0,Stationary
0.07000,0,-429.805,0.000,28.575,2862.7,Sliding
0.07000,1,635.000,0.000,28.575,0.0,Stationary
0.07500,0,-415.516,0.000,28.575,2852.9,Sliding
0.07500,1,635.000,0.000,28.575,0.0,Stationary
0.08000,0,-401.276,0.000,28.575,2843.1,Sliding
0.08000,1,635.000,0.000,28.575,0.0,Stationary
0.08500,0,-387.085,0.000,28.575,2833.3,Sliding
0.08500,1,635.000,0.000,28.575,0.0,Stationary
0.09000,0,-372.943,0.000,28.575,2823.5,Sliding
0.09000,1,635.000,0.000,28.575,0.0,Stationary
0.09500,0,-358.851,0.000,28.575,2813.7,Sliding
0.09500,1,635.000,0.000,28.575,0.0,Stationary
0.10000,0,-344.807,0.000,28.575,2803.9,Sliding
0.10000,1,635.000,0.000,28.575,0.0,Stationary
0.10500,0,-330.812,0.000,28.575,2794.1,Sliding
0.10500,1,635.000,0.000,28.575,0.0,Stationary
0.11000,0,-316.866,0.000,28.575,2784.3,Sliding
0.11000,1,635.000,0.000,28.575,0.0,Stationary
0.11500,0,-302.969,0.000,28.575,2774.4,Sliding
0.11500,1,635.000,0.000,28.575,0.0,Stationary
0.12000,0,-289.122,0.000,28.575,2764.6,Sliding
0.12000,1,635.000,0.000,28.575,0.0,Stationary
0.12500,0,-275.323,0.000,28.575,2754.8,Sliding
0.12500,1,635.000,0.000,28.575,0.0,Stationary
0.13000,0,-261.573,0.000,28.575,2745.0,Sliding
0.13000,1,635.000,0.000,28.575,0.0,Stationary
0.13500,0,-247.873,0.000,28.575,2735.2,Sliding
0.13500,1,635.000,0.000,28.575,0.0,Stationary
0.14000,0,-234.221,0.000,28.575,2725.4,Sliding
0.14000,1,635.000,0.000,28.575,0.0,Stationary
0.14500,0,-220.618,0.000,28.575,2715.6,Sliding
0.14500,1,635.000,0.000,28.575,0.0,Stationary
0.15000,0,-207.065,0.000,28.575,2705.8,Sliding
0.15000,1,635.000,0.000,28.575,0.0,Stationary
0.15500,0,-193.560,0.000,28.575,2696.0,Sliding
0.15500,1,635.000,0.000,28.575,0.0,Stationary
0.16000,0,-180.105,0.000,28.575,2686.2,Sliding
0.16000,1,635.000,0.000,28.575,0.0,Stationary
0.16500,0,-166.699,0.000,28.575,2676.4,Sliding
0.16500,1,635.000,0.000,28.575,0.0,Stationary
0.17000,0,-153.341,0.000,28.575,2666.6,Sliding
0.17000,1,635.000,0.000,28.575,0.0,Stationary
0.17500,0,-140.033,0.000,28.575,2656.8,Sliding
0.17500,1,635.000,0.000,28.575,0.0,Stationary
0.18000,0,-126.774,0.000,28.575,2647.0,Sliding
0.18000,1,635.000,0.000,28.575,0.0,Stationary
0.18500,0,-113.563,0.000,28.575,2637.2,Sliding
0.18500,1,635.000,0.000,28.575,0.0,Stationary
0.19000,0,-100.402,0.000,28.575,2627.3,Sliding
0.19000,1,635.000,0.000,28.575,0.0,Stationary
0.19500,0,-87.290,0.000,28.575,2617.5,Sliding
0.19500,1,635.000,0.000,28.575,0.0,Stationary
0.20000,0,-74.227,0.000,28.575,2607.7,Sliding
0.20000,1,635.000,0.000,28.575,0.0,Stationary
0.20500,0,-61.212,0.000,28.575,2597.9,Sliding
0.20500,1,635.000,0.000,28.575,0.0,Stationary
0.21000,0,-48.247,0.000,28.575,2588.1,Sliding
0.21000,1,635.000,0.000,28.575,0.0,Stationary
0.21500,0,-35.331,0.000,28.575,2578.3,Sliding
0.21500,1,635.000,0.000,28.575,0.0,Stationary
0.22000,0,-22.464,0.000,28.575,2568.5,Sliding
0.22000,1,635.000,0.000,28.575,0.0,Stationary
0.22500,0,-9.646,0.000,28.575,2558.7,Sliding
0.22500,1,635.000,0.000,28.575,0.0,Stationary
0.23000,0,3.123,0.000,28.575,2548.9,Sliding
0.23000,1,635.000,0.000,28.575,0.0,Stationary
0.23500,0,15.843,0.000,28.575,2539.1,Sliding
0.23500,1,635.000,0.000,28.575,0.0,Stationary
0.24000,0,28.514,0.000,28.575,2529.3,Sliding
0.24000,1,635.000,0.000,28.575,0.0,Stationary
0.24500,0,41.136,0.000,28.575,2519.5,Sliding
0.24500,1,635.000,0.000,28.575,0.0,Stationary
0.25000,0,53.708,0.000,28.575,2509.7,Sliding
0.25000,1,635.000,0.000,28.575,0.0,Stationary
0.25500,0,66.232,0.000,28.575,2499.9,Sliding
0.25500,1,635.000,0.000,28.575,0.0,Stationary
0.26000,0,78.707,0.000,28.575,2490.1,Sliding
0.26000,1,635.000,0.000,28.575,0.0,Stationary
0.26500,0,91.133,0.000,28.575,2480.2,Sliding
0.26500,1,635.000,0.000,28.575,0.0,Stationary
0.27000,0,103.510,0.000,28.575,2470.4,Sliding
0.27000,1,635.000,0.000,28.575,0.0,Stationary
0.27500,0,115.837,0.000,28.575,2460.6,Sliding
0.27500,1,635.000,0.000,28.575,0.0,Stationary
0.28000,0,128.116,0.000,28.575,2450.8,Sliding
0.28000,1,635.000,0.000,28.575,0.0,Stationary
0.28500,0,140.345,0.000,28.575,2441.0,Sliding
0.28500,1,635.000,0.000,28.575,0.0,Stationary
0.29000,0,152.526,0.000,28.575,2431.2,Sliding
0.29000,1,635.000,0.000,28.575,0.0,Stationary
0.29500,0,164.658,0.000,28.575,2421.4,Sliding
0.29500,1,635.000,0.000,28.575,0.0,Stationary
0.30000,0,176.740,0.000,28.575,2411.6,Sliding
0.30000,1,635.000,0.000,28.575,0.0,Stationary
0.30500,0,188.774,0.000,28.575,2401.8,Sliding
0.30500,1,635.000,0.000,28.575,0.0,Stationary
0.31000,0,200.758,0.000,28.575,2392.0,Sliding
0.31000,1,635.000,0.000,28.575,0.0,Stationary
0.31500,0,212.694,0.000,28.575,2382.2,Sliding
0.31500,1,635.000,0.000,28.575,0.0,Stationary
0.32000,0,224.580,0.000,28.575,2372.4,Sliding
0.32000,1,635.000,0.000,28.575,0.0,Stationary
0.32500,0,236.417,0.000,28.575,2362.6,Sliding
0.32500,1,635.000,0.000,28.575,0.0,Stationary
0.33000,0,248.206,0.000,28.575,2352.8,Sliding
0.33000,1,635.000,0.000,28.575,0.0,Stationary
0.33500,0,259.945,0.000,28.575,2343.0,Sliding
0.33500,1,635.000,0.000,28.575,0.0,Stationary
0.34000,0,271.635,0.000,28.575,2333.1,Sliding
0.34000,1,635.000,0.000,28.575,0.0,Stationary
0.34500,0,283.276,0.000,28.575,2323.3,Sliding
0.34500,1,635.000,0.000,28.575,0.0,Stationary
0.35000,0,294.869,0.000,28.575,2313.5,Sliding
0.35000,1,635.000,0.000,28.575,0.0,Stationary
0.35500,0,306.412,0.000,28.575,2303.7,Sliding
0.35500,1,635.000,0.000,28.575,0.0,Stationary
0.36000,0,317.906,0.000,28.575,2293.9,Sliding
0.36000,1,635.000,0.000,28.575,0.0,Stationary
0.36500,0,329.351,0.000,28.575,2284.1,Sliding
0.36500,1,635.000,0.000,28.575,0.0,Stationary
0.37000,0,340.747,0.000,28.575,2274.3,Sliding
0.37000,1,635.000,0.000,28.575,0.0,Stationary
0.37500,0,352.094,0.000,28.575,2264.5,Sliding
0.37500,1,635.000,0.000,28.575,0.0,Stationary
0.38000,0,363.392,0.000,28.575,2254.7,Sliding
0.38000,1,635.000,0.000,28.575,0.0,Stationary
0.38500,0,374.641,0.000,28.575,2244.9,Sliding
0.38500,1,635.000,0.000,28.575,0.0,Stationary
0.39000,0,385.841,0.000,28.575,2235.1,Sliding
0.39000,1,635.000,0.000,28.575,0.0,Stationary
0.39500,0,396.992,0.000,28.575,2225.3,Sliding
0.39500,1,635.000,0.000,28.575,0.0,Stationary
0.40000,0,408.094,0.000,28.575,2215.5,Sliding
0.40000,1,635.000,0.000,28.575,0.0,Stationary
0.40500,0,419.146,0.000,28.575,2205.7,Sliding
0.40500,1,635.000,0.000,28.575,0.0,Stationary
0.41000,0,430.150,0.000,28.575,2195.9,Sliding
0.41000,1,635.000,0.000,28.575,0.0,Stationary
0.41500,0,441.105,0.000,28.575,2186.0,Sliding
0.41500,1,635.000,0.000,28.575,0.0,Stationary
0.42000,0,452.011,0.000,28.575,2176.2,Sliding
0.42000,1,635.000,0.000,28.575,0.0,Stationary
0.42500,0,462.867,0.000,28.575,2166.4,Sliding
0.42500,1,635.000,0.000,28.575,0.0,Stationary
0.43000,0,473.675,0.000,28.575,2156.6,Sliding
0.43000,1,635.000,0.000,28.575,0.0,Stationary
0.43500,0,484.434,0.000,28.575,2146.8,Sliding
0.43500,1,635.000,0.000,28.575,0.0,Stationary
0.44000,0,495.143,0.000,28.575,2137.0,Sliding
0.44000,1,635.000,0.000,28.575,0.0,Stationary
0.44500,0,505.804,0.000,28.575,2127.2,Sliding
0.44500,1,635.000,0.000,28.575,0.0,Stationary
0.45000,0,516.415,0.000,28.575,2117.4,Sliding
0.45000,1,635.000,0.000,28.575,0.0,Stationary
0.45500,0,526.978,0.000,28.575,2107.6,Sliding
0.45500,1,635.000,0.000,28.575,0.0,Stationary
0.46000,0,537.491,0.000,28.575,2097.8,Sliding
0.46000,1,635.000,0.000,28.575,0.0,Stationary
0.46500,0,547.956,0.000,28.575,2088.0,Sliding
0.46500,1,635.000,0.000,28.575,0.0,Stationary
0.47000,0,558.371,0.000,28.575,2078.2,Sliding
0.47000,1,635.000,0.000,28.575,0.0,Stationary
0.47500,0,568.737,0.000,28.575,2068.4,Sliding
0.47500,1,635.000,0.000,28.575,0.0,Stationary
0.48000,0,576.080,0.000,28.647,66.2,Airborne
0.48000,1,637.977,0.000,28.703,2011.5,Airborne
0.48500,0,576.338,0.000,28.732,52.1,Airborne
0.48500,1,648.027,0.000,28.974,2010.2,Airborne
0.49000,0,576.595,0.000,28.577,61.2,Airborne
0.49000,1,658.076,0.000,29.001,2010.0,Airborne
0.49500,0,576.853,0.000,28.620,53.9,Airborne
0.49500,1,668.126,0.000,28.782,2011.1,Airborne
0.50000,0,577.111,0.000,28.589,52.7,Airborne
0.50000,1,678.176,0.000,28.682,2010.2,Airborne
0.50500,0,577.368,0.000,28.576,51.6,Airborne
0.50500,1,688.225,0.000,28.720,2010.0,Airborne
0.51000,0,577.618,0.000,28.575,45.8,Sliding
0.51000,1,698.275,0.000,28.604,2010.1,Airborne
0.51500,0,577.822,0.000,28.575,36.0,Sliding
0.51500,1,708.325,0.000,28.600,2010.1,Airborne
0.52000,0,577.978,0.000,28.575,26.2,Sliding
0.52000,1,718.374,0.000,28.575,2010.0,Airborne
0.52500,0,578.084,0.000,28.575,16.4,Sliding
0.52500,1,728.424,0.000,28.575,2009.9,Airborne
0.53000,0,578.142,0.000,28.575,6.6,Sliding
0.53000,1,738.459,0.000,28.575,2002.3,Sliding
0.53500,0,578.150,0.000,28.575,3.2,Sliding
0.53500,1,748.446,0.000,28.575,1992.5,Sliding
0.54000,0,578.110,0.000,28.575,13.0,Sliding
0.54000,1,758.384,0.000,28.575,1982.7,Sliding
0.54500,0,578.020,0.000,28.575,22.8,Sliding
0.54500,1,768.273,0.000,28.575,1972.9,Sliding
0.55000,0,577.881,0.000,28.575,32.6,Sliding
0.55000,1,778.113,0.000,28.575,1963.1,Sliding
0.55500,0,577.694,0.000,28.575,42.4,Sliding
0.55500,1,787.904,0.000,28.575,1953.3,Sliding
0.56000,0,577.457,0.000,28.575,52.2,Sliding
0.56000,1,797.646,0.000,28.575,1943.5,Sliding
0.56500,0,577.171,0.000,28.575,62.1,Sliding
0.56500,1,807.339,0.000,28.575,1933.7,Sliding
0.57000,0,576.837,0.000,28.575,71.9,Sliding
0.57000,1,816.983,0.000,28.575,1923.9,Sliding
0.57500,0,576.453,0.000,28.575,81.7,Sliding
0.57500,1,826.578,0.000,28.575,1914.1,Sliding
0.58000,0,576.038,0.000,28.575,82.8,Rolling
0.58000,1,836.124,0.000,28.575,1904.3,Sliding
0.58500,0,575.625,0.000,28.575,82.3,Rolling
0.58500,1,845.621,0.000,28.575,1894.5,Sliding
0.59000,0,575.214,0.000,28.575,81.9,Rolling
0.59000,1,855.069,0.000,28.575,1884.7,Sliding
0.59500,0,574.806,0.000,28.575,81.4,Rolling
0.59500,1,864.468,0.000,28.575,1874.9,Sliding
0.60000,0,574.401,0.000,28.575,80.9,Rolling
0.60000,1,873.817,0.000,28.575,1865.0,Sliding
0.60500,0,573.998,0.000,28.575,80.4,Rolling
0.60500,1,883.118,0.000,28.575,1855.2,Sliding
0.61000,0,573.597,0.000,28.575,79.9,Rolling
0.61000,1,892.370,0.000,28.575,1845.4,Sliding
0.61500,0,573.199,0.000,28.575,79.4,Rolling
0.61500,1,901.572,0.000,28.575,1835.6,Sliding
0.62000,0,572.803,0.000,28.575,78.9,Rolling
0.62000,1,910.726,0.000,28.575,1825.8,Sliding
0.62500,0,572.410,0.000,28.575,78.4,Rolling
0.62500,1,919.831,0.000,28.575,1816.0,Sliding
0.63000,0,572.019,0.000,28.575,77.9,Rolling
0.63000,1,928.886,0.000,28.575,1806.2,Sliding
0.63500,0,571.630,0.000,28.575,77.4,Rolling
0.63500,1,937.893,0.000,28.575,1796.4,Sliding
0.64000,0,571.244,0.000,28.575,77.0,Rolling
0.64000,1,946.850,0.000,28.575,1786.6,Sliding
0.64500,0,570.861,0.000,28.575,76.5,Rolling
0.64500,1,955.759,0.000,28.575,1776.8,Sliding
0.65000,0,570.480,0.000,28.575,76.0,Rolling
0.65000,1,964.618,0.000,28.575,1767.0,Sliding
0.65500,0,570.101,0.000,28.575,75.5,Rolling
0.65500,1,973.428,0.000,28.575,1757.2,Sliding
0.66000,0,569.725,0.000,28.575,75.0,Rolling
0.66000,1,982.190,0.000,28.575,1747.4,Sliding
0.66500,0,569.351,0.000,28.575,74.5,Rolling
0.66500,1,990.902,0.000,28.575,1737.6,Sliding
0.67000,0,568.980,0.000,28.575,74.0,Rolling
0.67000,1,999.565,0.000,28.575,1727.8,Sliding
0.67500,0,568.611,0.000,28.575,73.5,Rolling
0.67500,1,1008.180,0.000,28.575,1717.9,Sliding
0.68000,0,568.244,0.000,28.575,73.0,Rolling
0.68000,1,1016.745,0.000,28.575,1708.1,Sliding
0.68500,0,567.881,0.000,28.575,72.5,Rolling
0.68500,1,1025.261,0.000,28.575,1698.3,Sliding
0.69000,0,567.519,0.000,28.575,72.1,Rolling
0.69000,1,1033.728,0.000,28.575,1688.5,Sliding
0.69500,0,567.160,0.000,28.575,71.6,Rolling
0.69500,1,1042.146,0.000,28.575,1678.7,Sliding
0.70000,0,566.803,0.000,28.575,71.1,Rolling
0.70000,1,1050.515,0.000,28.575,1668.9,Sliding
0.70500,0,566.449,0.000,28.575,70.6,Rolling
0.70500,1,1058.835,0.000,28.575,1659.1,Sliding
0.71000,0,566.098,0.000,28.575,70.1,Rolling
0.71000,1,1067.106,0.000,28.575,1649.3,Sliding
0.71500,0,565.748,0.000,28.575,69.6,Rolling
0.71500,1,1075.328,0.000,28.575,1639.5,Sliding
0.72000,0,565.402,0.000,28.575,69.1,Rolling
0.72000,1,1083.501,0.000,28.575,1629.7,Sliding
0.72500,0,565.057,0.000,28.575,68.6,Rolling
0.72500,1,1091.625,0.000,28.575,1619.9,Sliding
0.73000,0,564.715,0.000,28.575,68.1,Rolling
0.73000,1,1099.700,0.000,28.575,1610.1,Sliding
0.73500,0,564.376,0.000,28.575,67.6,Rolling
0.73500,1,1107.726,0.000,28.575,1600.3,Sliding
0.74000,0,564.039,0.000,28.575,67.1,Rolling
0.74000,1,1115.703,0.000,28.575,1590.5,Sliding
0.74500,0,563.705,0.000,28.575,66.7,Rolling
0.74500,1,1123.631,0.000,28.575,1580.7,Sliding
0.75000,0,563.373,0.000,28.575,66.2,Rolling
0.75000,1,1131.509,0.000,28.575,1570.8,Sliding
0.75500,0,563.043,0.000,28.575,65.7,Rolling
0.75500,1,1139.339,0.000,28.575,1561.0,Sliding
0.76000,0,562.716,0.000,28.575,65.2,Rolling
0.76000,1,1147.120,0.000,28.575,1551.2,Sliding
0.76500,0,562.391,0.000,28.575,64.7,Rolling
0.76500,1,1154.851,0.000,28.575,1541.4,Sliding
0.77000,0,562.069,0.000,28.575,64.2,Rolling
0.77000,1,1162.534,0.000,28.575,1531.6,Sliding
0.77500,0,561.749,0.000,28.575,63.7,Rolling
0.77500,1,1170.168,0.000,28.575,1521.8,Sliding
0.78000,0,561.432,0.000,28.575,63.2,Rolling
0.78000,1,1177.752,0.000,28.575,1512.0,Sliding
0.78500,0,561.117,0.000,28.575,62.7,Rolling
0.78500,1,1185.288,0.000,28.575,1502.4,Rolling
0.79000,0,560.804,0.000,28.575,62.2,Rolling
0.79000,1,1192.798,0.000,28.575,1501.9,Rolling
0.79500,0,560.494,0.000,28.575,61.8,Rolling
0.79500,1,1200.306,0.000,28.575,1501.4,Rolling
0.80000,0,560.187,0.000,28.575,61.3,Rolling
0.80000,1,1207.812,0.000,28.575,1500.9,Rolling
0.80500,0,559.882,0.000,28.575,60.8,Rolling
0.80500,1,1215.315,0.000,28.575,1500.4,Rolling
0.81000,0,559.579,0.000,28.575,60.3,Rolling
0.81000,1,1222.816,0.000,28.575,1499.9,Rolling
0.81500,0,559.279,0.000,28.575,59.8,Rolling
0.81500,1,1230.314,0.000,28.575,1499.4,Rolling
0.82000,0,558.981,0.000,28.575,59.3,Rolling
0.82000,1,1237.810,0.000,28.575,1498.9,Rolling
0.82500,0,558.686,0.000,28.575,58.8,Rolling
0.82500,1,1238.516,0.000,29.096,1139.7,Airborne
0.83000,0,558.393,0.000,28.575,58.3,Rolling
0.83000,1,1232.896,0.000,29.917,1132.7,Airborne
0.83500,0,558.103,0.000,28.575,57.8,Rolling
0.83500,1,1227.276,0.000,30.493,1127.7,Airborne
0.84000,0,557.815,0.000,28.575,57.3,Rolling
0.84000,1,1221.656,0.000,30.824,1124.8,Airborne
0.84500,0,557.529,0.000,28.575,56.9,Rolling
0.84500,1,1216.036,0.000,30.909,1124.0,Airborne
0.85000,0,557.246,0.000,28.575,56.4,Rolling
0.85000,1,1210.416,0.000,30.750,1125.4,Airborne
0.85500,0,556.966,0.000,28.575,55.9,Rolling
0.85500,1,1204.795,0.000,30.345,1129.0,Airborne
0.86000,0,556.687,0.000,28.575,55.4,Rolling
0.86000,1,1199.175,0.000,29.695,1134.6,Airborne
0.86500,0,556.412,0.000,28.575,54.9,Rolling
0.86500,1,1193.555,0.000,28.800,1142.3,Airborne
0.87000,0,556.139,0.000,28.575,54.4,Rolling
0.87000,1,1187.935,0.000,29.004,1127.6,Airborne
0.87500,0,555.868,0.000,28.575,53.9,Rolling
0.87500,1,1182.315,0.000,29.331,1124.8,Airborne
0.88000,0,555.599,0.000,28.575,53.4,Rolling
0.88000,1,1176.695,0.000,29.413,1124.0,Airborne
0.88500,0,555.334,0.000,28.575,52.9,Rolling
0.88500,1,1171.075,0.000,29.250,1125.5,Airborne
0.89000,0,555.070,0.000,28.575,52.4,Rolling
0.89000,1,1165.455,0.000,28.842,1129.0,Airborne
0.89500,0,554.809,0.000,28.575,51.9,Rolling
0.89500,1,1159.835,0.000,28.749,1125.1,Airborne
0.90000,0,554.551,0.000,28.575,51.5,Rolling
0.90000,1,1154.215,0.000,28.878,1124.0,Airborne
0.90500,0,554.295,0.000,28.575,51.0,Rolling
0.90500,1,1148.595,0.000,28.762,1125.0,Airborne
0.91000,0,554.041,0.000,28.575,50.5,Rolling
0.91000,1,1142.975,0.000,28.648,1124.3,Airborne
0.91500,0,553.790,0.000,28.575,50.0,Rolling
0.91500,1,1137.354,0.000,28.658,1124.2,Airborne
0.92000,0,553.541,0.000,28.575,49.5,Rolling
0.92000,1,1131.734,0.000,28.614,1124.0,Airborne
0.92500,0,553.295,0.000,28.575,49.0,Rolling
0.92500,1,1126.114,0.000,28.589,1124.0,Airborne
0.93000,0,553.051,0.000,28.575,48.5,Rolling
0.93000,1,1120.494,0.000,28.576,1124.0,Airborne
0.93500,0,552.810,0.000,28.575,48.0,Rolling
0.93500,1,1114.886,0.000,28.575,1117.3,Sliding
0.94000,0,552.571,0.000,28.575,47.5,Rolling
0.94000,1,1109.324,0.000,28.575,1107.5,Sliding
0.94500,0,552.334,0.000,28.575,47.0,Rolling
0.94500,1,1103.811,0.000,28.575,1097.7,Sliding
0.95000,0,552.100,0.000,28.575,46.6,Rolling
0.95000,1,1098.347,0.000,28.575,1087.9,Sliding
0.95500,0,551.869,0.000,28.575,46.1,Rolling
0.95500,1,1092.932,0.000,28.575,1078.1,Sliding
0.96000,0,551.640,0.000,28.575,45.6,Rolling
0.96000,1,1087.566,0.000,28.575,1068.3,Sliding
0.96500,0,551.413,0.000,28.575,45.1,Rolling
0.96500,1,1082.250,0.000,28.575,1058.5,Sliding
0.97000,0,551.189,0.000,28.575,44.6,Rolling
0.97000,1,1076.982,0.000,28.575,1048.6,Sliding
0.97500,0,550.967,0.000,28.575,44.1,Rolling
0.97500,1,1071.763,0.000,28.575,1038.8,Sliding
0.98000,0,550.748,0.000,28.575,43.6,Rolling
0.98000,1,1066.593,0.000,28.575,1029.0,Sliding
0.98500,0,550.531,0.000,28.575,43.1,Rolling
0.98500,1,1061.473,0.000,28.575,1019.2,Sliding
0.99000,0,550.317,0.000,28.575,42.6,Rolling
0.99000,1,1056.401,0.000,28.575,1009.4,Sliding
0.99500,0,550.105,0.000,28.575,42.1,Rolling
0.99500,1,1051.379,0.000,28.575,999.6,Sliding
1.00000,0,549.895,0.000,28.575,41.7,Rolling
1.00000,1,1046.405,0.000,28.575,989.8,Sliding
1.00500,0,549.688,0.000,28.575,41.2,Rolling
1.00500,1,1041.481,0.000,28.575,980.0,Sliding
1.01000,0,549.484,0.000,28.575,40.7,Rolling
1.01000,1,1036.605,0.000,28.575,970.2,Sliding
1.01500,0,549.282,0.000,28.575,40.2,Rolling
1.01500,1,1031.779,0.000,28.575,960.4,Sliding
1.02000,0,549.082,0.000,28.575,39.7,Rolling
1.02000,1,1027.001,0.000,28.575,950.6,Sliding
1.02500,0,548.885,0.000,28.575,39.2,Rolling
1.02500,1,1022.273,0.000,28.575,940.8,Sliding
1.03000,0,548.690,0.000,28.575,38.7,Rolling
1.03000,1,1017.593,0.000,28.575,931.0,Sliding
1.03500,0,548.498,0.000,28.575,38.2,Rolling
1.03500,1,1012.963,0.000,28.575,921.2,Sliding
1.04000,0,548.308,0.000,28.575,37.7,Rolling
1.04000,1,1008.382,0.000,28.575,911.4,Sliding
1.04500,0,548.120,0.000,28.575,37.2,Rolling
1.04500,1,1003.850,0.000,28.575,901.5,Sliding
1.05000,0,547.935,0.000,28.575,36.7,Rolling
1.05000,1,999.366,0.000,28.575,891.7,Sliding
1.05500,0,547.753,0.000,28.575,36.3,Rolling
1.05500,1,994.932,0.000,28.575,881.9,Sliding
1.06000,0,547.573,0.000,28.575,35.8,Rolling
1.06000,1,990.547,0.000,28.575,872.1,Sliding
1.06500,0,547.395,0.000,28.575,35.3,Rolling
1.06500,1,986.211,0.000,28.575,862.3,Sliding
1.07000,0,547.220,0.000,28.575,34.8,Rolling
1.07000,1,981.924,0.000,28.575,852.5,Sliding
1.07500,0,547.047,0.000,28.575,34.3,Rolling
1.07500,1,977.686,0.000,28.575,842.7,Sliding
1.08000,0,546.877,0.000,28.575,33.8,Rolling
1.08000,1,973.497,0.000,28.575,832.9,Sliding
1.08500,0,546.709,0.000,28.575,33.3,Rolling
1.08500,1,969.357,0.000,28.575,823.1,Sliding
1.09000,0,546.544,0.000,28.575,32.8,Rolling
1.09000,1,965.266,0.000,28.575,813.3,Sliding
1.09500,0,546.381,0.000,28.575,32.3,Rolling
1.09500,1,961.224,0.000,28.575,803.5,Sliding
1.10000,0,546.221,0.000,28.575,31.8,Rolling
1.10000,1,957.231,0.000,28.575,793.7,Sliding
1.10500,0,546.063,0.000,28.575,31.4,Rolling
1.10500,1,953.287,0.000,28.575,783.9,Sliding
1.11000,0,545.907,0.000,28.575,30.9,Rolling
1.11000,1,949.393,0.000,28.575,774.1,Sliding
1.11500,0,545.754,0.000,28.575,30.4,Rolling
1.11500,1,945.547,0.000,28.575,764.3,Sliding
1.12000,0,545.603,0.000,28.575,29.9,Rolling
1.12000,1,941.750,0.000,28.575,754.4,Sliding
1.12500,0,545.455,0.000,28.575,29.4,Rolling
1.12500,1,938.002,0.000,28.575,744.6,Sliding
1.13000,0,545.310,0.000,28.575,28.9,Rolling
1.13000,1,934.304,0.000,28.575,734.8,Sliding
1.13500,0,545.166,0.000,28.575,28.4,Rolling
1.13500,1,930.654,0.000,28.575,725.0,Sliding
1.14000,0,545.025,0.000,28.575,27.9,Rolling
1.14000,1,927.053,0.000,28.575,715.2,Sliding
1.14500,0,544.887,0.000,28.575,27.4,Rolling
1.14500,1,923.502,0.000,28.575,705.4,Sliding
1.15000,0,544.751,0.000,28.575,26.9,Rolling
1.15000,1,919.999,0.000,28.575,695.6,Sliding
1.15500,0,544.618,0.000,28.575,26.4,Rolling
1.15500,1,916.546,0.000,28.575,685.8,Sliding
1.16000,0,544.487,0.000,28.575,26.0,Rolling
1.16000,1,913.141,0.000,28.575,676.0,Sliding
1.16500,0,544.358,0.000,28.575,25.5,Rolling
1.16500,1,909.786,0.000,28.575,666.2,Sliding
1.17000,0,544.232,0.000,28.575,25.0,Rolling
1.17000,1,906.479,0.000,28.575,656.4,Sliding
1.17500,0,544.108,0.000,28.575,24.5,Rolling
1.17500,1,903.222,0.000,28.575,646.6,Sliding
1.18000,0,543.987,0.000,28.575,24.0,Rolling
1.18000,1,900.014,0.000,28.575,636.8,Sliding
1.18500,0,543.868,0.000,28.575,23.5,Rolling
1.18500,1,896.854,0.000,28.575,627.0,Sliding
1.19000,0,543.752,0.000,28.575,23.0,Rolling
1.19000,1,893.744,0.000,28.575,617.2,Sliding
1.19500,0,543.638,0.000,28.575,22.5,Rolling
1.19500,1,890.683,0.000,28.575,607.3,Sliding
1.20000,0,543.527,0.000,28.575,22.0,Rolling
1.20000,1,887.671,0.000,28.575,597.5,Sliding
1.20500,0,543.418,0.000,28.575,21.5,Rolling
1.20500,1,884.707,0.000,28.575,587.7,Sliding
1.21000,0,543.311,0.000,28.575,21.1,Rolling
1.21000,1,881.793,0.000,28.575,577.9,Sliding
1.21500,0,543.207,0.000,28.575,20.6,Rolling
1.21500,1,878.928,0.000,28.575,568.1,Sliding
1.22000,0,543.106,0.000,28.575,20.1,Rolling
1.22000,1,876.112,0.000,28.575,558.3,Sliding
1.22500,0,543.006,0.000,28.575,19.6,Rolling
1.22500,1,873.345,0.000,28.575,548.5,Sliding
1.23000,0,542.910,0.000,28.575,19.1,Rolling
1.23000,1,870.627,0.000,28.575,538.7,Sliding
1.23500,0,542.815,0.000,28.575,18.6,Rolling
1.23500,1,867.958,0.000,28.575,528.9,Sliding
1.24000,0,542.724,0.000,28.575,18.1,Rolling
1.24000,1,865.321,0.000,28.575,527.2,Rolling
1.24500,0,542.634,0.000,28.575,17.6,Rolling
1.24500,1,862.686,0.000,28.575,526.7,Rolling
1.25000,0,542.547,0.000,28.575,17.1,Rolling
1.25000,1,860.054,0.000,28.575,526.2,Rolling
1.25500,0,542.463,0.000,28.575,16.6,Rolling
1.25500,1,857.424,0.000,28.575,525.7,Rolling
1.26000,0,542.381,0.000,28.575,16.2,Rolling
1.26000,1,854.797,0.000,28.575,525.2,Rolling
1.26500,0,542.301,0.000,28.575,15.7,Rolling
1.26500,1,852.172,0.000,28.575,524.7,Rolling
1.27000,0,542.224,0.000,28.575,15.2,Rolling
1.27000,1,849.549,0.000,28.575,524.2,Rolling
1.27500,0,542.150,0.000,28.575,14.7,Rolling
1.27500,1,846.930,0.000,28.575,523.7,Rolling
1.28000,0,542.078,0.000,28.575,14.2,Rolling
1.28000,1,844.312,0.000,28.575,523.3,Rolling
1.28500,0,542.008,0.000,28.575,13.7,Rolling
1.28500,1,841.697,0.000,28.575,522.8,Rolling
1.29000,0,541.941,0.000,28.575,13.2,Rolling
1.29000,1,839.084,0.000,28.575,522.3,Rolling
1.29500,0,541.876,0.000,28.575,12.7,Rolling
1.29500,1,836.474,0.000,28.575,521.8,Rolling
1.30000,0,541.813,0.000,28.575,12.2,Rolling
1.30000,1,833.867,0.000,28.575,521.3,Rolling
1.30500,0,541.753,0.000,28.575,11.7,Rolling
1.30500,1,831.261,0.000,28.575,520.8,Rolling
1.31000,0,541.696,0.000,28.575,11.2,Rolling
1.31000,1,828.659,0.000,28.575,520.3,Rolling
1.31500,0,541.641,0.000,28.575,10.8,Rolling
1.31500,1,826.058,0.000,28.575,519.8,Rolling
1.32000,0,541.588,0.000,28.575,10.3,Rolling
1.32000,1,823.460,0.000,28.575,519.3,Rolling
1.32500,0,541.538,0.000,28.575,9.8,Rolling
1.32500,1,820.865,0.000,28.575,518.8,Rolling
1.33000,0,541.491,0.000,28.575,9.3,Rolling
1.33000,1,818.272,0.000,28.575,518.3,Rolling
1.33500,0,541.445,0.000,28.575,8.8,Rolling
1.33500,1,815.682,0.000,28.575,517.9,Rolling
1.34000,0,541.403,0.000,28.575,8.3,Rolling
1.34000,1,813.094,0.000,28.575,517.4,Rolling
1.34500,0,541.362,0.000,28.575,7.8,Rolling
1.34500,1,810.508,0.000,28.575,516.9,Rolling
1.35000,0,541.324,0.000,28.575,7.3,Rolling
1.35000,1,807.925,0.000,28.575,516.4,Rolling
1.35500,0,541.289,0.000,28.575,6.8,Rolling
1.35500,1,805.344,0.000,28.575,515.9,Rolling
1.36000,0,541.256,0.000,28.575,6.3,Rolling
1.36000,1,802.766,0.000,28.575,515.4,Rolling
1.36500,0,541.226,0.000,28.575,5.9,Rolling
1.36500,1,800.190,0.000,28.575,514.9,Rolling
1.37000,0,541.197,0.000,28.575,5.4,Rolling
1.37000,1,797.617,0.000,28.575,514.4,Rolling
1.37500,0,541.172,0.000,28.575,4.9,Rolling
1.37500,1,795.046,0.000,28.575,513.9,Rolling
1.38000,0,541.149,0.000,28.575,4.4,Rolling
1.38000,1,792.477,0.000,28.575,513.4,Rolling
1.38500,0,541.128,0.000,28.575,3.9,Rolling
1.38500,1,789.911,0.000,28.575,513.0,Rolling
1.39000,0,541.110,0.000,28.575,3.4,Rolling
1.39000,1,787.348,0.000,28.575,512.5,Rolling
1.39500,0,541.094,0.000,28.575,2.9,Rolling
1.39500,1,784.787,0.000,28.575,512.0,Rolling
1.40000,0,541.081,0.000,28.575,2.4,Rolling
1.40000,1,782.228,0.000,28.575,511.5,Rolling
1.40500,0,541.070,0.000,28.575,1.9,Rolling
1.40500,1,779.672,0.000,28.575,511.0,Rolling
1.41000,0,541.061,0.000,28.575,1.4,Rolling
1.41000,1,777.118,0.000,28.575,510.5,Rolling
1.41500,0,541.055,0.000,28.575,1.0,Rolling
1.41500,1,774.567,0.000,28.575,510.0,Rolling
1.42000,0,541.052,0.000,28.575,0.5,Rolling
1.42000,1,772.018,0.000,28.575,509.5,Rolling
1.42500,0,541.051,0.000,28.575,0.0,Stationary
1.42500,1,769.472,0.000,28.575,509.0,Rolling
1.43000,0,541.051,0.000,28.575,0.0,Stationary
1.43000,1,766.928,0.000,28.575,508.5,Rolling
1.43500,0,541.051,0.000,28.575,0.0,Stationary
1.43500,1,764.386,0.000,28.575,508.1,Rolling
1.44000,0,541.051,0.000,28.575,0.0,Stationary
1.44000,1,761.847,0.000,28.575,507.6,Rolling
1.44500,0,541.051,0.000,28.575,0.0,Stationary
1.44500,1,759.311,0.000,28.575,507.1,Rolling
1.45000,0,541.051,0.000,28.575,0.0,Stationary
1.45000,1,756.776,0.000,28.575,506.6,Rolling
1.45500,0,541.051,0.000,28.575,0.0,Stationary
1.45500,1,754.245,0.000,28.575,506.1,Rolling
1.46000,0,541.051,0.000,28.575,0.0,Stationary
1.46000,1,751.716,0.000,28.575,505.6,Rolling
1.46500,0,541.051,0.000,28.575,0.0,Stationary
1.46500,1,749.189,0.000,28.575,505.1,Rolling
1.47000,0,541.051,0.000,28.575,0.0,Stationary
1.47000,1,746.664,0.000,28.575,504.6,Rolling
1.47500,0,541.051,0.000,28.575,0.0,Stationary
1.47500,1,744.143,0.000,28.575,504.1,Rolling
1.48000,0,541.051,0.000,28.575,0.0,Stationary
1.48000,1,741.623,0.000,28.575,503.6,Rolling
1.48500,0,541.051,0.000,28.575,0.0,Stationary
1.48500,1,739.106,0.000,28.575,503.1,Rolling
1.49000,0,541.051,0.000,28.575,0.0,Stationary
1.49000,1,736.592,0.000,28.575,502.7,Rolling
1.49500,0,541.051,0.000,28.575,0.0,Stationary
1.49500,1,734.080,0.000,28.575,502.2,Rolling
1.50000,0,541.051,0.000,28.575,0.0,Stationary
1.50000,1,731.570,0.000,28.575,501.7,Rolling
1.50500,0,541.051,0.000,28.575,0.0,Stationary
1.50500,1,729.063,0.000,28.575,501.2,Rolling
1.51000,0,541.051,0.000,28.575,0.0,Stationary
1.51000,1,726.558,0.000,28.575,500.7,Rolling
1.51500,0,541.051,0.000,28.575,0.0,Stationary
1.51500,1,724.056,0.000,28.575,500.2,Rolling
1.52000,0,541.051,0.000,28.575,0.0,Stationary
1.52000,1,721.556,0.000,28.575,499.7,Rolling
1.52500,0,541.051,0.000,28.575,0.0,Stationary
1.52500,1,719.059,0.000,28.575,499.2,Rolling
1.53000,0,541.051,0.000,28.575,0.0,Stationary
1.53000,1,716.564,0.000,28.575,498.7,Rolling
1.53500,0,541.051,0.000,28.575,0.0,Stationary
1.53500,1,714.071,0.000,28.575,498.2,Rolling
1.54000,0,541.051,0.000,28.575,0.0,Stationary
1.54000,1,711.581,0.000,28.575,497.8,Rolling
1.54500,0,541.051,0.000,28.575,0.0,Stationary
1.54500,1,709.094,0.000,28.575,497.3,Rolling
1.55000,0,541.051,0.000,28.575,0.0,Stationary
1.55000,1,706.609,0.000,28.575,496.8,Rolling
1.55500,0,541.051,0.000,28.575,0.0,Stationary
1.55500,1,704.126,0.000,28.575,496.3,Rolling
1.56000,0,541.051,0.000,28.575,0.0,Stationary
1.56000,1,701.646,0.000,28.575,495.8,Rolling
1.56500,0,541.051,0.000,28.575,0.0,Stationary
1.56500,1,699.168,0.000,28.575,495.3,Rolling
1.57000,0,541.051,0.000,28.575,0.0,Stationary
1.57000,1,696.693,0.000,28.575,494.8,Rolling
1.57500,0,541.051,0.000,28.575,0.0,Stationary
1.57500,1,694.220,0.000,28.575,494.3,Rolling
1.58000,0,541.051,0.000,28.575,0.0,Stationary
1.58000,1,691.750,0.000,28.575,493.8,Rolling
1.58500,0,541.051,0.000,28.575,0.0,Stationary
1.58500,1,689.282,0.000,28.575,493.3,Rolling
1.59000,0,541.051,0.000,28.575,0.0,Stationary
1.59000,1,686.816,0.000,28.575,492.9,Rolling
1.59500,0,541.051,0.000,28.575,0.0,Stationary
1.59500,1,684.353,0.000,28.575,492.4,Rolling
1.60000,0,541.051,0.000,28.575,0.0,Stationary
1.60000,1,681.893,0.000,28.575,491.9,Rolling
1.60500,0,541.051,0.000,28.575,0.0,Stationary
1.60500,1,679.435,0.000,28.575,491.4,Rolling
1.61000,0,541.051,0.000,28.575,0.0,Stationary
1.61000,1,676.979,0.000,28.575,490.9,Rolling
1.61500,0,541.051,0.000,28.575,0.0,Stationary
1.61500,1,674.526,0.000,28.575,490.4,Rolling
1.62000,0,541.051,0.000,28.575,0.0,Stationary
1.62000,1,672.075,0.000,28.575,489.9,Rolling
1.62500,0,541.051,0.000,28.575,0.0,Stationary
1.62500,1,669.627,0.000,28.575,489.4,Rolling
1.63000,0,541.051,0.000,28.575,0.0,Stationary
1.63000,1,667.181,0.000,28.575,488.9,Rolling
1.63500,0,541.051,0.000,28.575,0.0,Stationary
1.63500,1,664.737,0.000,28.575,488.4,Rolling
1.64000,0,541.051,0.000,28.575,0.0,Stationary
1.64000,1,662.296,0.000,28.575,487.9,Rolling
1.64500,0,541.051,0.000,28.575,0.0,Stationary
1.64500,1,659.858,0.000,28.575,487.5,Rolling
1.65000,0,541.051,0.000,28.575,0.0,Stationary
1.65000,1,657.422,0.000,28.575,487.0,Rolling
1.65500,0,541.051,0.000,28.575,0.0,Stationary
1.65500,1,654.988,0.000,28.575,486.5,Rolling
1.66000,0,541.051,0.000,28.575,0.0,Stationary
1.66000,1,652.557,0.000,28.575,486.0,Rolling
1.66500,0,541.051,0.000,28.575,0.0,Stationary
1.66500,1,650.128,0.000,28.575,485.5,Rolling
1.67000,0,541.051,0.000,28.575,0.0,Stationary
1.67000,1,647.702,0.000,28.575,485.0,Rolling
1.67500,0,541.051,0.000,28.575,0.0,Stationary
1.67500,1,645.278,0.000,28.575,484.5,Rolling
1.68000,0,541.051,0.000,28.575,0.0,Stationary
1.68000,1,642.857,0.000,28.575,484.0,Rolling
1.68500,0,541.051,0.000,28.575,0.0,Stationary
1.68500,1,640.438,0.000,28.575,483.5,Rolling
1.69000,0,541.051,0.000,28.575,0.0,Stationary
1.69000,1,638.022,0.000,28.575,483.0,Rolling
1.69500,0,541.051,0.000,28.575,0.0,Stationary
1.69500,1,635.608,0.000,28.575,482.6,Rolling
1.70000,0,541.051,0.000,28.575,0.0,Stationary
1.70000,1,633.196,0.000,28.575,482.1,Rolling
1.70500,0,541.051,0.000,28.575,0.0,Stationary
1.70500,1,630.787,0.000,28.575,481.6,Rolling
1.71000,0,541.051,0.000,28.575,0.0,Stationary
1.71000,1,628.380,0.000,28.575,481.1,Rolling
1.71500,0,541.051,0.000,28.575,0.0,Stationary
1.71500,1,625.976,0.000,28.575,480.6,Rolling
1.72000,0,541.051,0.000,28.575,0.0,Stationary
1.72000,1,623.574,0.000,28.575,480.1,Rolling
1.72500,0,541.051,0.000,28.575,0.0,Stationary
1.72500,1,621.175,0.000,28.575,479.6,Rolling
1.73000,0,541.051,0.000,28.575,0.0,Stationary
1.73000,1,618.778,0.000,28.575,479.1,Rolling
1.73500,0,541.051,0.000,28.575,0.0,Stationary
1.73500,1,616.384,0.000,28.575,478.6,Rolling
1.74000,0,541.051,0.000,28.575,0.0,Stationary
1.74000,1,613.992,0.000,28.575,478.1,Rolling
1.74500,0,541.051,0.000,28.575,0.0,Stationary
1.74500,1,611.603,0.000,28.575,477.7,Rolling
1.75000,0,541.051,0.000,28.575,0.0,Stationary
1.75000,1,609.216,0.000,28.575,477.2,Rolling
1.75500,0,541.051,0.000,28.575,0.0,Stationary
1.75500,1,606.831,0.000,28.575,476.7,Rolling
1.76000,0,541.051,0.000,28.575,0.0,Stationary
1.76000,1,604.449,0.000,28.575,476.2,Rolling
1.76500,0,541.051,0.000,28.575,0.0,Stationary
1.76500,1,602.069,0.000,28.575,475.7,Rolling
1.77000,0,541.051,0.000,28.575,0.0,Stationary
1.77000,1,599.692,0.000,28.575,475.2,Rolling
1.77500,0,540.189,0.000,28.596,463.0,Airborne
1.77500,1,598.179,0.000,28.622,20.1,Airborne
1.78000,0,537.874,0.000,28.576,463.1,Airborne
1.78000,1,598.119,0.000,28.580,34.9,Airborne
1.78500,0,535.561,0.000,28.575,460.4,Sliding
1.78500,1,598.060,0.000,28.581,13.4,Airborne
1.79000,0,533.283,0.000,28.575,450.6,Sliding
1.79000,1,598.001,0.000,28.575,11.9,Airborne
1.79500,0,531.055,0.000,28.575,440.8,Sliding
1.79500,1,597.923,0.000,28.575,20.3,Sliding
1.80000,0,528.875,0.000,28.575,431.0,Sliding
1.80000,1,597.797,0.000,28.575,30.1,Sliding
1.80500,0,526.745,0.000,28.575,421.2,Sliding
1.80500,1,597.622,0.000,28.575,39.9,Sliding
1.81000,0,524.663,0.000,28.575,411.4,Sliding
1.81000,1,597.398,0.000,28.575,49.7,Sliding
1.81500,0,522.631,0.000,28.575,401.6,Sliding
1.81500,1,597.124,0.000,28.575,59.5,Sliding
1.82000,0,520.647,0.000,28.575,391.8,Sliding
1.82000,1,596.802,0.000,28.575,69.3,Sliding
1.82500,0,518.713,0.000,28.575,382.0,Sliding
1.82500,1,596.431,0.000,28.575,79.2,Sliding
1.83000,0,516.828,0.000,28.575,372.2,Sliding
1.83000,1,596.011,0.000,28.575,89.0,Sliding
1.83500,0,514.991,0.000,28.575,362.4,Sliding
1.83500,1,595.541,0.000,28.575,98.8,Sliding
1.84000,0,513.204,0.000,28.575,352.5,Sliding
1.84000,1,595.023,0.000,28.575,108.6,Sliding
1.84500,0,511.466,0.000,28.575,342.7,Sliding
1.84500,1,594.456,0.000,28.575,118.4,Sliding
1.85000,0,509.777,0.000,28.575,332.9,Sliding
1.85000,1,593.859,0.000,28.575,119.1,Rolling
1.85500,0,508.137,0.000,28.575,323.1,Sliding
1.85500,1,593.265,0.000,28.575,118.6,Rolling
1.86000,0,506.546,0.000,28.575,313.3,Sliding
1.86000,1,592.673,0.000,28.575,118.2,Rolling
1.86500,0,505.002,0.000,28.575,306.0,Rolling
1.86500,1,592.083,0.000,28.575,117.7,Rolling
1.87000,0,503.473,0.000,28.575,305.5,Rolling
1.87000,1,591.496,0.000,28.575,117.2,Rolling
1.87500,0,501.947,0.000,28.575,305.0,Rolling
1.87500,1,590.911,0.000,28.575,116.7,Rolling
1.88000,0,500.423,0.000,28.575,304.5,Rolling
1.88000,1,590.329,0.000,28.575,116.2,Rolling
1.88500,0,498.902,0.000,28.575,304.0,Rolling
1.88500,1,589.750,0.000,28.575,115.7,Rolling
1.89000,0,497.383,0.000,28.575,303.5,Rolling
1.89000,1,589.172,0.000,28.575,115.2,Rolling
1.89500,0,495.866,0.000,28.575,303.1,Rolling
1.89500,1,588.597,0.000,28.575,114.7,Rolling
1.90000,0,494.352,0.000,28.575,302.6,Rolling
1.90000,1,588.025,0.000,28.575,114.2,Rolling
1.90500,0,492.840,0.000,28.575,302.1,Rolling
1.90500,1,587.455,0.000,28.575,113.7,Rolling
1.91000,0,491.331,0.000,28.575,301.6,Rolling
1.91000,1,586.888,0.000,28.575,113.3,Rolling
1.91500,0,489.825,0.000,28.575,301.1,Rolling
1.91500,1,586.323,0.000,28.575,112.8,Rolling
1.92000,0,488.320,0.000,28.575,300.6,Rolling
1.92000,1,585.760,0.000,28.575,112.3,Rolling
1.92500,0,486.818,0.000,28.575,300.1,Rolling
1.92500,1,585.200,0.000,28.575,111.8,Rolling
1.93000,0,485.319,0.000,28.575,299.6,Rolling
1.93000,1,584.642,0.000,28.575,111.3,Rolling
1.93500,0,483.822,0.000,28.575,299.1,Rolling
1.93500,1,584.087,0.000,28.575,110.8,Rolling
1.94000,0,482.328,0.000,28.575,298.6,Rolling
1.94000,1,583.534,0.000,28.575,110.3,Rolling
1.94500,0,480.836,0.000,28.575,298.2,Rolling
1.94500,1,582.984,0.000,28.575,109.8,Rolling
1.95000,0,479.346,0.000,28.575,297.7,Rolling
1.95000,1,582.436,0.000,28.575,109.3,Rolling
1.95500,0,477.859,0.000,28.575,297.2,Rolling
1.95500,1,581.891,0.000,28.575,108.8,Rolling
1.96000,0,476.374,0.000,28.575,296.7,Rolling
1.96000,1,581.348,0.000,28.575,108.3,Rolling
1.96500,0,474.892,0.000,28.575,296.2,Rolling
1.96500,1,580.807,0.000,28.575,107.9,Rolling
1.97000,0,473.413,0.000,28.575,295.7,Rolling
1.97000,1,580.269,0.000,28.575,107.4,Rolling
1.97500,0,471.935,0.000,28.575,295.2,Rolling
1.97500,1,579.733,0.000,28.575,106.9,Rolling
1.98000,0,470.460,0.000,28.575,294.7,Rolling
1.98000,1,579.200,0.000,28.575,106.4,Rolling
1.98500,0,468.988,0.000,28.575,294.2,Rolling
1.98500,1,578.670,0.000,28.575,105.9,Rolling
1.99000,0,467.518,0.000,28.575,293.7,Rolling
1.99000,1,578.141,0.000,28.575,105.4,Rolling
1.99500,0,466.051,0.000,28.575,293.3,Rolling
1.99500,1,577.616,0.000,28.575,104.9,Rolling
2.00000,0,464.586,0.000,28.575,292.8,Rolling
2.00000,1,577.092,0.000,28.575,104.4,Rolling
2.00500,0,463.123,0.000,28.575,292.3,Rolling
2.00500,1,576.571,0.000,28.575,103.9,Rolling
2.01000,0,461.663,0.000,28.575,291.8,Rolling
2.01000,1,576.053,0.000,28.575,103.4,Rolling
2.01500,0,460.205,0.000,28.575,291.3,Rolling
2.01500,1,575.537,0.000,28.575,103.0,Rolling
2.02000,0,458.750,0.000,28.575,290.8,Rolling
2.02000,1,575.023,0.000,28.575,102.5,Rolling
2.02500,0,457.297,0.000,28.575,290.3,Rolling
2.02500,1,574.512,0.000,28.575,102.0,Rolling
2.03000,0,455.847,0.000,28.575,289.8,Rolling
2.03000,1,574.004,0.000,28.575,101.5,Rolling
2.03500,0,454.399,0.000,28.575,289.3,Rolling
2.03500,1,573.497,0.000,28.575,101.0,Rolling
2.04000,0,452.954,0.000,28.575,288.8,Rolling
2.04000,1,572.994,0.000,28.575,100.5,Rolling
2.04500,0,451.511,0.000,28.575,288.3,Rolling
2.04500,1,572.492,0.000,28.575,100.0,Rolling
2.05000,0,450.070,0.000,28.575,287.9,Rolling
2.05000,1,571.993,0.000,28.575,99.5,Rolling
2.05500,0,448.632,0.000,28.575,287.4,Rolling
2.05500,1,571.497,0.000,28.575,99.0,Rolling
2.06000,0,447.197,0.000,28.575,286.9,Rolling
2.06000,1,571.003,0.000,28.575,98.5,Rolling
2.06500,0,445.763,0.000,28.575,286.4,Rolling
2.06500,1,570.512,0.000,28.575,98.1,Rolling
2.07000,0,444.333,0.000,28.575,285.9,Rolling
2.07000,1,570.023,0.000,28.575,97.6,Rolling
2.07500,0,442.904,0.000,28.575,285.4,Rolling
2.07500,1,569.536,0.000,28.575,97.1,Rolling
2.08000,0,441.479,0.000,28.575,284.9,Rolling
2.08000,1,569.052,0.000,28.575,96.6,Rolling
2.08500,0,440.055,0.000,28.575,284.4,Rolling
2.08500,1,568.570,0.000,28.575,96.1,Rolling
2.09000,0,438.634,0.000,28.575,283.9,Rolling
2.09000,1,568.091,0.000,28.575,95.6,Rolling
2.09500,0,437.216,0.000,28.575,283.4,Rolling
2.09500,1,567.614,0.000,28.575,95.1,Rolling
2.10000,0,435.800,0.000,28.575,283.0,Rolling
2.10000,1,567.140,0.000,28.575,94.6,Rolling
2.10500,0,434.386,0.000,28.575,282.5,Rolling
2.10500,1,566.668,0.000,28.575,94.1,Rolling
2.11000,0,432.975,0.000,28.575,282.0,Rolling
2.11000,1,566.199,0.000,28.575,93.6,Rolling
2.11500,0,431.567,0.000,28.575,281.5,Rolling
2.11500,1,565.732,0.000,28.575,93.1,Rolling
2.12000,0,430.160,0.000,28.575,281.0,Rolling
2.12000,1,565.267,0.000,28.575,92.7,Rolling
2.12500,0,428.757,0.000,28.575,280.5,Rolling
2.12500,1,564.805,0.000,28.575,92.2,Rolling
2.13000,0,427.355,0.000,28.575,280.0,Rolling
2.13000,1,564.346,0.000,28.575,91.7,Rolling
2.13500,0,425.957,0.000,28.575,279.5,Rolling
2.13500,1,563.888,0.000,28.575,91.2,Rolling
2.14000,0,424.560,0.000,28.575,279.0,Rolling
2.14000,1,563.434,0.000,28.575,90.7,Rolling
2.14500,0,423.166,0.000,28.575,278.5,Rolling
2.14500,1,562.981,0.000,28.575,90.2,Rolling
2.15000,0,421.775,0.000,28.575,278.1,Rolling
2.15000,1,562.532,0.000,28.575,89.7,Rolling
2.15500,0,420.386,0.000,28.575,277.6,Rolling
2.15500,1,562.084,0.000,28.575,89.2,Rolling
2.16000,0,418.999,0.000,28.575,277.1,Rolling
2.16000,1,561.639,0.000,28.575,88.7,Rolling
2.16500,0,417.615,0.000,28.575,276.6,Rolling
2.16500,1,561.197,0.000,28.575,88.2,Rolling
2.17000,0,416.233,0.000,28.575,276.1,Rolling
2.17000,1,560.757,0.000,28.575,87.8,Rolling
2.17500,0,414.854,0.000,28.575,275.6,Rolling
2.17500,1,560.319,0.000,28.575,87.3,Rolling
2.18000,0,413.477,0.000,28.575,275.1,Rolling
2.18000,1,559.884,0.000,28.575,86.8,Rolling
2.18500,0,412.103,0.000,28.575,274.6,Rolling
2.18500,1,559.452,0.000,28.575,86.3,Rolling
2.19000,0,410.731,0.000,28.575,274.1,Rolling
2.19000,1,559.021,0.000,28.575,85.8,Rolling
2.19500,0,409.362,0.000,28.575,273.6,Rolling
2.19500,1,558.594,0.000,28.575,85.3,Rolling
2.20000,0,407.995,0.000,28.575,273.1,Rolling
2.20000,1,558.168,0.000,28.575,84.8,Rolling
2.20500,0,406.630,0.000,28.575,272.7,Rolling
2.20500,1,557.746,0.000,28.575,84.3,Rolling
2.21000,0,405.268,0.000,28.575,272.2,Rolling
2.21000,1,557.325,0.000,28.575,83.8,Rolling
2.21500,0,403.909,0.000,28.575,271.7,Rolling
2.21500,1,556.907,0.000,28.575,83.3,Rolling
2.22000,0,402.552,0.000,28.575,271.2,Rolling
2.22000,1,556.492,0.000,28.575,82.9,Rolling
2.22500,0,401.197,0.000,28.575,270.7,Rolling
2.22500,1,556.079,0.000,28.575,82.4,Rolling
2.23000,0,399.845,0.000,28.575,270.2,Rolling
2.23000,1,555.668,0.000,28.575,81.9,Rolling
2.23500,0,398.495,0.000,28.575,269.7,Rolling
2.23500,1,555.260,0.000,28.575,81.4,Rolling
2.24000,0,397.147,0.000,28.575,269.2,Rolling
2.24000,1,554.854,0.000,28.575,80.9,Rolling
2.24500,0,395.803,0.000,28.575,268.7,Rolling
2.24500,1,554.451,0.000,28.575,80.4,Rolling
2.25000,0,394.460,0.000,28.575,268.2,Rolling
2.25000,1,554.050,0.000,28.575,79.9,Rolling
2.25500,0,393.120,0.000,28.575,267.8,Rolling
2.25500,1,553.652,0.000,28.575,79.4,Rolling
2.26000,0,391.783,0.000,28.575,267.3,Rolling
2.26000,1,553.256,0.000,28.575,78.9,Rolling
2.26500,0,390.448,0.000,28.575,266.8,Rolling
2.26500,1,552.863,0.000,28.575,78.4,Rolling
2.27000,0,389.115,0.000,28.575,266.3,Rolling
2.27000,1,552.472,0.000,28.575,77.9,Rolling
2.27500,0,387.785,0.000,28.575,265.8,Rolling
2.27500,1,552.083,0.000,28.575,77.5,Rolling
2.28000,0,386.457,0.000,28.575,265.3,Rolling
2.28000,1,551.697,0.000,28.575,77.0,Rolling
2.28500,0,385.132,0.000,28.575,264.8,Rolling
2.28500,1,551.314,0.000,28.575,76.5,Rolling
2.29000,0,383.809,0.000,28.575,264.3,Rolling
2.29000,1,550.933,0.000,28.575,76.0,Rolling
2.29500,0,382.488,0.000,28.575,263.8,Rolling
2.29500,1,550.554,0.000,28.575,75.5,Rolling
2.30000,0,381.171,0.000,28.575,263.3,Rolling
2.30000,1,550.178,0.000,28.575,75.0,Rolling
2.30500,0,379.855,0.000,28.575,262.8,Rolling
2.30500,1,549.804,0.000,28.575,74.5,Rolling
2.31000,0,378.542,0.000,28.575,262.4,Rolling
2.31000,1,549.432,0.000,28.575,74.0,Rolling
2.31500,0,377.231,0.000,28.575,261.9,Rolling
2.31500,1,549.064,0.000,28.575,73.5,Rolling
2.32000,0,375.923,0.000,28.575,261.4,Rolling
2.32000,1,548.697,0.000,28.575,73.0,Rolling
2.32500,0,374.618,0.000,28.575,260.9,Rolling
2.32500,1,548.333,0.000,28.575,72.6,Rolling
2.33000,0,373.314,0.000,28.575,260.4,Rolling
2.33000,1,547.972,0.000,28.575,72.1,Rolling
2.33500,0,372.014,0.000,28.575,259.9,Rolling
2.33500,1,547.612,0.000,28.575,71.6,Rolling
2.34000,0,370.715,0.000,28.575,259.4,Rolling
2.34000,1,547.256,0.000,28.575,71.1,Rolling
2.34500,0,369.420,0.000,28.575,258.9,Rolling
2.34500,1,546.902,0.000,28.575,70.6,Rolling
2.35000,0,368.126,0.000,28.575,258.4,Rolling
2.35000,1,546.550,0.000,28.575,70.1,Rolling
2.35500,0,366.835,0.000,28.575,257.9,Rolling
2.35500,1,546.201,0.000,28.575,69.6,Rolling
2.36000,0,365.547,0.000,28.575,257.5,Rolling
2.36000,1,545.854,0.000,28.575,69.1,Rolling
2.36500,0,364.261,0.000,28.575,257.0,Rolling
2.36500,1,545.509,0.000,28.575,68.6,Rolling
2.37000,0,362.977,0.000,28.575,256.5,Rolling
2.37000,1,545.168,0.000,28.575,68.1,Rolling
2.37500,0,361.696,0.000,28.575,256.0,Rolling
2.37500,1,544.828,0.000,28.575,67.7,Rolling
2.38000,0,360.417,0.000,28.575,255.5,Rolling
2.38000,1,544.491,0.000,28.575,67.2,Rolling
2.38500,0,359.141,0.000,28.575,255.0,Rolling
2.38500,1,544.156,0.000,28.575,66.7,Rolling
2.39000,0,357.867,0.000,28.575,254.5,Rolling
2.39000,1,543.824,0.000,28.575,66.2,Rolling
2.39500,0,356.596,0.000,28.575,254.0,Rolling
2.39500,1,543.495,0.000,28.575,65.7,Rolling
2.40000,0,355.327,0.000,28.575,253.5,Rolling
2.40000,1,543.167,0.000,28.575,65.2,Rolling
2.40500,0,354.060,0.000,28.575,253.0,Rolling
2.40500,1,542.843,0.000,28.575,64.7,Rolling
2.41000,0,352.796,0.000,28.575,252.6,Rolling
2.41000,1,542.520,0.000,28.575,64.2,Rolling
2.41500,0,351.535,0.000,28.575,252.1,Rolling
2.41500,1,542.200,0.000,28.575,63.7,Rolling
2.42000,0,350.276,0.000,28.575,251.6,Rolling
2.42000,1,541.883,0.000,28.575,63.2,Rolling
2.42500,0,349.019,0.000,28.575,251.1,Rolling
2.42500,1,541.568,0.000,28.575,62.7,Rolling
2.43000,0,347.765,0.000,28.575,250.6,Rolling
2.43000,1,541.256,0.000,28.575,62.3,Rolling
2.43500,0,346.513,0.000,28.575,250.1,Rolling
2.43500,1,540.946,0.000,28.575,61.8,Rolling
2.44000,0,345.264,0.000,28.575,249.6,Rolling
2.44000,1,540.638,0.000,28.575,61.3,Rolling
2.44500,0,344.017,0.000,28.575,249.1,Rolling
2.44500,1,540.333,0.000,28.575,60.8,Rolling
2.45000,0,342.773,0.000,28.575,248.6,Rolling
2.45000,1,540.030,0.000,28.575,60.3,Rolling
2.45500,0,341.531,0.000,28.575,248.1,Rolling
2.45500,1,539.730,0.000,28.575,59.8,Rolling
2.46000,0,340.291,0.000,28.575,247.6,Rolling
2.46000,1,539.432,0.000,28.575,59.3,Rolling
2.46500,0,339.054,0.000,28.575,247.2,Rolling
2.46500,1,539.137,0.000,28.575,58.8,Rolling
2.47000,0,337.820,0.000,28.575,246.7,Rolling
2.47000,1,538.844,0.000,28.575,58.3,Rolling
2.47500,0,336.588,0.000,28.575,246.2,Rolling
2.47500,1,538.553,0.000,28.575,57.8,Rolling
2.48000,0,335.358,0.000,28.575,245.7,Rolling
2.48000,1,538.265,0.000,28.575,57.4,Rolling
2.48500,0,334.131,0.000,28.575,245.2,Rolling
2.48500,1,537.980,0.000,28.575,56.9,Rolling
2.49000,0,332.906,0.000,28.575,244.7,Rolling
2.49000,1,537.697,0.000,28.575,56.4,Rolling
2.49500,0,331.684,0.000,28.575,244.2,Rolling
2.49500,1,537.416,0.000,28.575,55.9,Rolling
2.50000,0,330.464,0.000,28.575,243.7,Rolling
2.50000,1,537.138,0.000,28.575,55.4,Rolling
2.50500,0,329.246,0.000,28.575,243.2,Rolling
2.50500,1,536.862,0.000,28.575,54.9,Rolling
2.51000,0,328.031,0.000,28.575,242.7,Rolling
2.51000,1,536.589,0.000,28.575,54.4,Rolling
2.51500,0,326.819,0.000,28.575,242.3,Rolling
2.51500,1,536.318,0.000,28.575,53.9,Rolling
2.52000,0,325.609,0.000,28.575,241.8,Rolling
2.52000,1,536.050,0.000,28.575,53.4,Rolling
2.52500,0,324.401,0.000,28.575,241.3,Rolling
2.52500,1,535.784,0.000,28.575,52.9,Rolling
2.53000,0,323.196,0.000,28.575,240.8,Rolling
2.53000,1,535.520,0.000,28.575,52.4,Rolling
2.53500,0,321.993,0.000,28.575,240.3,Rolling
2.53500,1,535.259,0.000,28.575,52.0,Rolling
2.54000,0,320.793,0.000,28.575,239.8,Rolling
2.54000,1,535.001,0.000,28.575,51.5,Rolling
2.54500,0,319.595,0.000,28.575,239.3,Rolling
2.54500,1,534.745,0.000,28.575,51.0,Rolling
2.55000,0,318.400,0.000,28.575,238.8,Rolling
2.55000,1,534.491,0.000,28.575,50.5,Rolling
2.55500,0,317.207,0.000,28.575,238.3,Rolling
2.55500,1,534.240,0.000,28.575,50.0,Rolling
2.56000,0,316.017,0.000,28.575,237.8,Rolling
2.56000,1,533.991,0.000,28.575,49.5,Rolling
2.56500,0,314.829,0.000,28.575,237.4,Rolling
2.56500,1,533.745,0.000,28.575,49.0,Rolling
2.57000,0,313.643,0.000,28.575,236.9,Rolling
2.57000,1,533.501,0.000,28.575,48.5,Rolling
2.57500,0,312.460,0.000,28.575,236.4,Rolling
2.57500,1,533.259,0.000,28.575,48.0,Rolling
2.58000,0,311.279,0.000,28.575,235.9,Rolling
2.58000,1,533.020,0.000,28.575,47.5,Rolling
2.58500,0,310.101,0.000,28.575,235.4,Rolling
2.58500,1,532.784,0.000,28.575,47.1,Rolling
2.59000,0,308.926,0.000,28.575,234.9,Rolling
2.59000,1,532.550,0.000,28.575,46.6,Rolling
2.59500,0,307.752,0.000,28.575,234.4,Rolling
2.59500,1,532.318,0.000,28.575,46.1,Rolling
2.60000,0,306.581,0.000,28.575,233.9,Rolling
2.60000,1,532.089,0.000,28.575,45.6,Rolling
2.60500,0,305.413,0.000,28.575,233.4,Rolling
2.60500,1,531.862,0.000,28.575,45.1,Rolling
2.61000,0,304.247,0.000,28.575,232.9,Rolling
2.61000,1,531.638,0.000,28.575,44.6,Rolling
2.61500,0,303.084,0.000,28.575,232.4,Rolling
2.61500,1,531.416,0.000,28.575,44.1,Rolling
2.62000,0,301.923,0.000,28.575,232.0,Rolling
2.62000,1,531.197,0.000,28.575,43.6,Rolling
2.62500,0,300.764,0.000,28.575,231.5,Rolling
2.62500,1,530.980,0.000,28.575,43.1,Rolling
2.63000,0,299.608,0.000,28.575,231.0,Rolling
2.63000,1,530.766,0.000,28.575,42.6,Rolling
2.63500,0,298.454,0.000,28.575,230.5,Rolling
2.63500,1,530.554,0.000,28.575,42.2,Rolling
2.64000,0,297.303,0.000,28.575,230.0,Rolling
2.64000,1,530.344,0.000,28.575,41.7,Rolling
2.64500,0,296.154,0.000,28.575,229.5,Rolling
2.64500,1,530.137,0.000,28.575,41.2,Rolling
2.65000,0,295.008,0.000,28.575,229.0,Rolling
2.65000,1,529.932,0.000,28.575,40.7,Rolling
2.65500,0,293.864,0.000,28.575,228.5,Rolling
2.65500,1,529.730,0.000,28.575,40.2,Rolling
2.66000,0,292.723,0.000,28.575,228.0,Rolling
2.66000,1,529.530,0.000,28.575,39.7,Rolling
2.66500,0,291.584,0.000,28.575,227.5,Rolling
2.66500,1,529.333,0.000,28.575,39.2,Rolling
2.67000,0,290.447,0.000,28.575,227.1,Rolling
2.67000,1,529.138,0.000,28.575,38.7,Rolling
2.67500,0,289.313,0.000,28.575,226.6,Rolling
2.67500,1,528.946,0.000,28.575,38.2,Rolling
2.68000,0,288.182,0.000,28.575,226.1,Rolling
2.68000,1,528.756,0.000,28.575,37.7,Rolling
2.68500,0,287.052,0.000,28.575,225.6,Rolling
2.68500,1,528.569,0.000,28.575,37.2,Rolling
2.69000,0,285.926,0.000,28.575,225.1,Rolling
2.69000,1,528.384,0.000,28.575,36.8,Rolling
2.69500,0,284.802,0.000,28.575,224.6,Rolling
2.69500,1,528.201,0.000,28.575,36.3,Rolling
2.70000,0,283.680,0.000,28.575,224.1,Rolling
2.70000,1,528.021,0.000,28.575,35.8,Rolling
2.70500,0,282.560,0.000,28.575,223.6,Rolling
2.70500,1,527.843,0.000,28.575,35.3,Rolling
2.71000,0,281.443,0.000,28.575,223.1,Rolling
2.71000,1,527.668,0.000,28.575,34.8,Rolling
2.71500,0,280.329,0.000,28.575,222.6,Rolling
2.71500,1,527.495,0.000,28.575,34.3,Rolling
2.72000,0,279.217,0.000,28.575,222.2,Rolling
2.72000,1,527.325,0.000,28.575,33.8,Rolling
2.72500,0,278.108,0.000,28.575,221.7,Rolling
2.72500,1,527.157,0.000,28.575,33.3,Rolling
2.73000,0,277.000,0.000,28.575,221.2,Rolling
2.73000,1,526.992,0.000,28.575,32.8,Rolling
2.73500,0,275.896,0.000,28.575,220.7,Rolling
2.73500,1,526.829,0.000,28.575,32.3,Rolling
2.74000,0,274.794,0.000,28.575,220.2,Rolling
2.74000,1,526.668,0.000,28.575,31.9,Rolling
2.74500,0,273.694,0.000,28.575,219.7,Rolling
2.74500,1,526.510,0.000,28.575,31.4,Rolling
2.75000,0,272.597,0.000,28.575,219.2,Rolling
2.75000,1,526.355,0.000,28.575,30.9,Rolling
2.75500,0,271.502,0.000,28.575,218.7,Rolling
2.75500,1,526.201,0.000,28.575,30.4,Rolling
2.76000,0,270.409,0.000,28.575,218.2,Rolling
2.76000,1,526.051,0.000,28.575,29.9,Rolling
2.76500,0,269.320,0.000,28.575,217.7,Rolling
2.76500,1,525.902,0.000,28.575,29.4,Rolling
2.77000,0,268.232,0.000,28.575,217.2,Rolling
2.77000,1,525.757,0.000,28.575,28.9,Rolling
2.77500,0,267.147,0.000,28.575,216.8,Rolling
2.77500,1,525.613,0.000,28.575,28.4,Rolling
2.78000,0,266.064,0.000,28.575,216.3,Rolling
2.78000,1,525.472,0.000,28.575,27.9,Rolling
2.78500,0,264.984,0.000,28.575,215.8,Rolling
2.78500,1,525.334,0.000,28.575,27.4,Rolling
2.79000,0,263.907,0.000,28.575,215.3,Rolling
2.79000,1,525.198,0.000,28.575,27.0,Rolling
2.79500,0,262.831,0.000,28.575,214.8,Rolling
2.79500,1,525.064,0.000,28.575,26.5,Rolling
2.80000,0,261.759,0.000,28.575,214.3,Rolling
2.80000,1,524.933,0.000,28.575,26.0,Rolling
2.80500,0,260.688,0.000,28.575,213.8,Rolling
2.80500,1,524.805,0.000,28.575,25.5,Rolling
2.81000,0,259.621,0.000,28.575,213.3,Rolling
2.81000,1,524.679,0.000,28.575,25.0,Rolling
2.81500,0,258.555,0.000,28.575,212.8,Rolling
2.81500,1,524.555,0.000,28.575,24.5,Rolling
2.82000,0,257.492,0.000,28.575,212.3,Rolling
2.82000,1,524.434,0.000,28.575,24.0,Rolling
2.82500,0,256.432,0.000,28.575,211.9,Rolling
2.82500,1,524.315,0.000,28.575,23.5,Rolling
2.83000,0,255.374,0.000,28.575,211.4,Rolling
2.83000,1,524.198,0.000,28.575,23.0,Rolling
2.83500,0,254.318,0.000,28.575,210.9,Rolling
2.83500,1,524.084,0.000,28.575,22.5,Rolling
2.84000,0,253.265,0.000,28.575,210.4,Rolling
2.84000,1,523.973,0.000,28.575,22.0,Rolling
2.84500,0,252.214,0.000,28.575,209.9,Rolling
2.84500,1,523.864,0.000,28.575,21.6,Rolling
2.85000,0,251.166,0.000,28.575,209.4,Rolling
2.85000,1,523.757,0.000,28.575,21.1,Rolling
2.85500,0,250.120,0.000,28.575,208.9,Rolling
2.85500,1,523.653,0.000,28.575,20.6,Rolling
2.86000,0,249.077,0.000,28.575,208.4,Rolling
2.86000,1,523.552,0.000,28.575,20.1,Rolling
2.86500,0,248.036,0.000,28.575,207.9,Rolling
2.86500,1,523.452,0.000,28.575,19.6,Rolling
2.87000,0,246.997,0.000,28.575,207.4,Rolling
2.87000,1,523.356,0.000,28.575,19.1,Rolling
2.87500,0,245.961,0.000,28.575,207.0,Rolling
2.87500,1,523.261,0.000,28.575,18.6,Rolling
2.88000,0,244.928,0.000,28.575,206.5,Rolling
2.88000,1,523.169,0.000,28.575,18.1,Rolling
2.88500,0,243.897,0.000,28.575,206.0,Rolling
2.88500,1,523.080,0.000,28.575,17.6,Rolling
2.89000,0,242.868,0.000,28.575,205.5,Rolling
2.89000,1,522.993,0.000,28.575,17.1,Rolling
2.89500,0,241.842,0.000,28.575,205.0,Rolling
2.89500,1,522.909,0.000,28.575,16.7,Rolling
2.90000,0,240.818,0.000,28.575,204.5,Rolling
2.90000,1,522.826,0.000,28.575,16.2,Rolling
2.90500,0,239.797,0.000,28.575,204.0,Rolling
2.90500,1,522.747,0.000,28.575,15.7,Rolling
2.91000,0,238.778,0.000,28.575,203.5,Rolling
2.91000,1,522.670,0.000,28.575,15.2,Rolling
2.91500,0,237.762,0.000,28.575,203.0,Rolling
2.91500,1,522.595,0.000,28.575,14.7,Rolling
2.92000,0,236.748,0.000,28.575,202.5,Rolling
2.92000,1,522.523,0.000,28.575,14.2,Rolling
2.92500,0,235.736,0.000,28.575,202.0,Rolling
2.92500,1,522.453,0.000,28.575,13.7,Rolling
2.93000,0,234.727,0.000,28.575,201.6,Rolling
2.93000,1,522.386,0.000,28.575,13.2,Rolling
2.93500,0,233.721,0.000,28.575,201.1,Rolling
2.93500,1,522.321,0.000,28.575,12.7,Rolling
2.94000,0,232.717,0.000,28.575,200.6,Rolling
2.94000,1,522.258,0.000,28.575,12.2,Rolling
2.94500,0,231.715,0.000,28.575,200.1,Rolling
2.94500,1,522.198,0.000,28.575,11.8,Rolling
2.95000,0,230.716,0.000,28.575,199.6,Rolling
2.95000,1,522.141,0.000,28.575,11.3,Rolling
2.95500,0,229.719,0.000,28.575,199.1,Rolling
2.95500,1,522.086,0.000,28.575,10.8,Rolling
2.96000,0,228.725,0.000,28.575,198.6,Rolling
2.96000,1,522.033,0.000,28.575,10.3,Rolling
2.96500,0,227.733,0.000,28.575,198.1,Rolling
2.96500,1,521.983,0.000,28.575,9.8,Rolling
2.97000,0,226.744,0.000,28.575,197.6,Rolling
2.97000,1,521.935,0.000,28.575,9.3,Rolling
2.97500,0,225.757,0.000,28.575,197.1,Rolling
2.97500,1,521.890,0.000,28.575,8.8,Rolling
2.98000,0,224.772,0.000,28.575,196.7,Rolling
2.98000,1,521.847,0.000,28.575,8.3,Rolling
2.98500,0,223.790,0.000,28.575,196.2,Rolling
2.98500,1,521.807,0.000,28.575,7.8,Rolling
2.99000,0,222.810,0.000,28.575,195.7,Rolling
2.99000,1,521.769,0.000,28.575,7.3,Rolling
2.99500,0,221.833,0.000,28.575,195.2,Rolling
2.99500,1,521.733,0.000,28.575,6.8,Rolling
3.00000,0,220.859,0.000,28.575,194.7,Rolling
3.00000,1,521.700,0.000,28.575,6.4,Rolling
3.00500,0,219.886,0.000,28.575,194.2,Rolling
3.00500,1,521.670,0.000,28.575,5.9,Rolling
3.01000,0,218.917,0.000,28.575,193.7,Rolling
3.01000,1,521.642,0.000,28.575,5.4,Rolling
3.01500,0,217.949,0.000,28.575,193.2,Rolling
3.01500,1,521.616,0.000,28.575,4.9,Rolling
3.02000,0,216.984,0.000,28.575,192.7,Rolling
3.02000,1,521.593,0.000,28.575,4.4,Rolling
3.02500,0,216.022,0.000,28.575,192.2,Rolling
3.02500,1,521.572,0.000,28.575,3.9,Rolling
3.03000,0,215.062,0.000,28.575,191.8,Rolling
3.03000,1,521.554,0.000,28.575,3.4,Rolling
3.03500,0,214.104,0.000,28.575,191.3,Rolling
3.03500,1,521.538,0.000,28.575,2.9,Rolling
3.04000,0,213.149,0.000,28.575,190.8,Rolling
3.04000,1,521.524,0.000,28.575,2.4,Rolling
3.04500,0,212.197,0.000,28.575,190.3,Rolling
3.04500,1,521.513,0.000,28.575,1.9,Rolling
3.05000,0,211.247,0.000,28.575,189.8,Rolling
3.05000,1,521.505,0.000,28.575,1.5,Rolling
3.05500,0,210.299,0.000,28.575,189.3,Rolling
3.05500,1,521.499,0.000,28.575,1.0,Rolling
3.06000,0,209.354,0.000,28.575,188.8,Rolling
3.06000,1,521.495,0.000,28.575,0.5,Rolling
3.06500,0,208.411,0.000,28.575,188.3,Rolling
3.06500,1,521.494,0.000,28.575,0.0,Stationary
3.07000,0,207.470,0.000,28.575,187.8,Rolling
3.07000,1,521.494,0.000,28.575,0.0,Stationary
3.07500,0,206.532,0.000,28.575,187.3,Rolling
3.07500,1,521.494,0.000,28.575,0.0,Stationary
3.08000,0,205.597,0.000,28.575,186.8,Rolling
3.08000,1,521.494,0.000,28.575,0.0,Stationary
3.08500,0,204.664,0.000,28.575,186.4,Rolling
3.08500,1,521.494,0.000,28.575,0.0,Stationary
3.09000,0,203.733,0.000,28.575,185.9,Rolling
3.09000,1,521.494,0.000,28.575,0.0,Stationary
3.09500,0,202.805,0.000,28.575,185.4,Rolling
3.09500,1,521.494,0.000,28.575,0.0,Stationary
3.10000,0,201.880,0.000,28.575,184.9,Rolling
3.10000,1,521.494,0.000,28.575,0.0,Stationary
3.10500,0,200.956,0.000,28.575,184.4,Rolling
3.10500,1,521.494,0.000,28.575,0.0,Stationary
3.11000,0,200.036,0.000,28.575,183.9,Rolling
3.11000,1,521.494,0.000,28.575,0.0,Stationary
3.11500,0,199.117,0.000,28.575,183.4,Rolling
3.11500,1,521.494,0.000,28.575,0.0,Stationary
3.12000,0,198.201,0.000,28.575,182.9,Rolling
3.12000,1,521.494,0.000,28.575,0.0,Stationary
3.12500,0,197.288,0.000,28.575,182.4,Rolling
3.12500,1,521.494,0.000,28.575,0.0,Stationary
3.13000,0,196.377,0.000,28.575,181.9,Rolling
3.13000,1,521.494,0.000,28.575,0.0,Stationary
3.13500,0,195.469,0.000,28.575,181.5,Rolling
3.13500,1,521.494,0.000,28.575,0.0,Stationary
3.14000,0,194.563,0.000,28.575,181.0,Rolling
3.14000,1,521.494,0.000,28.575,0.0,Stationary
3.14500,0,193.659,0.000,28.575,180.5,Rolling
3.14500,1,521.494,0.000,28.575,0.0,Stationary
3.15000,0,192.758,0.000,28.575,180.0,Rolling
3.15000,1,521.494,0.000,28.575,0.0,Stationary
3.15500,0,191.859,0.000,28.575,179.5,Rolling
3.15500,1,521.494,0.000,28.575,0.0,Stationary
3.16000,0,190.963,0.000,28.575,179.0,Rolling
3.16000,1,521.494,0.000,28.575,0.0,Stationary
3.16500,0,190.069,0.000,28.575,178.5,Rolling
3.16500,1,521.494,0.000,28.575,0.0,Stationary
3.17000,0,189.178,0.000,28.575,178.0,Rolling
3.17000,1,521.494,0.000,28.575,0.0,Stationary
3.17500,0,188.289,0.000,28.575,177.5,Rolling
3.17500,1,521.494,0.000,28.575,0.0,Stationary
3.18000,0,187.402,0.000,28.575,177.0,Rolling
3.18000,1,521.494,0.000,28.575,0.0,Stationary
3.18500,0,186.518,0.000,28.575,176.6,Rolling
3.18500,1,521.494,0.000,28.575,0.0,Stationary
3.19000,0,185.637,0.000,28.575,176.1,Rolling
3.19000,1,521.494,0.000,28.575,0.0,Stationary
3.19500,0,184.758,0.000,28.575,175.6,Rolling
3.19500,1,521.494,0.000,28.575,0.0,Stationary
3.20000,0,183.881,0.000,28.575,175.1,Rolling
3.20000,1,521.494,0.000,28.575,0.0,Stationary
3.20500,0,183.007,0.000,28.575,174.6,Rolling
3.20500,1,521.494,0.000,28.575,0.0,Stationary
3.21000,0,182.135,0.000,28.575,174.1,Rolling
3.21000,1,521.494,0.000,28.575,0.0,Stationary
3.21500,0,181.266,0.000,28.575,173.6,Rolling
3.21500,1,521.494,0.000,28.575,0.0,Stationary
3.22000,0,180.399,0.000,28.575,173.1,Rolling
3.22000,1,521.494,0.000,28.575,0.0,Stationary
3.22500,0,179.535,0.000,28.575,172.6,Rolling
3.22500,1,521.494,0.000,28.575,0.0,Stationary
3.23000,0,178.673,0.000,28.575,172.1,Rolling
3.23000,1,521.494,0.000,28.575,0.0,Stationary
3.23500,0,177.813,0.000,28.575,171.6,Rolling
3.23500,1,521.494,0.000,28.575,0.0,Stationary
3.24000,0,176.956,0.000,28.575,171.2,Rolling
3.24000,1,521.494,0.000,28.575,0.0,Stationary
3.24500,0,176.102,0.000,28.575,170.7,Rolling
3.24500,1,521.494,0.000,28.575,0.0,Stationary
3.25000,0,175.250,0.000,28.575,170.2,Rolling
3.25000,1,521.494,0.000,28.575,0.0,Stationary
3.25500,0,174.400,0.000,28.575,169.7,Rolling
3.25500,1,521.494,0.000,28.575,0.0,Stationary
3.26000,0,173.553,0.000,28.575,169.2,Rolling
3.26000,1,521.494,0.000,28.575,0.0,Stationary
3.26500,0,172.708,0.000,28.575,168.7,Rolling
3.26500,1,521.494,0.000,28.575,0.0,Stationary
3.27000,0,171.866,0.000,28.575,168.2,Rolling
3.27000,1,521.494,0.000,28.575,0.0,Stationary
3.27500,0,171.026,0.000,28.575,167.7,Rolling
3.27500,1,521.494,0.000,28.575,0.0,Stationary
3.28000,0,170.189,0.000,28.575,167.2,Rolling
3.28000,1,521.494,0.000,28.575,0.0,Stationary
3.28500,0,169.354,0.000,28.575,166.7,Rolling
3.28500,1,521.494,0.000,28.575,0.0,Stationary
3.29000,0,168.521,0.000,28.575,166.3,Rolling
3.29000,1,521.494,0.000,28.575,0.0,Stationary
3.29500,0,167.691,0.000,28.575,165.8,Rolling
3.29500,1,521.494,0.000,28.575,0.0,Stationary
3.30000,0,166.863,0.000,28.575,165.3,Rolling
3.30000,1,521.494,0.000,28.575,0.0,Stationary
3.30500,0,166.038,0.000,28.575,164.8,Rolling
3.30500,1,521.494,0.000,28.575,0.0,Stationary
3.31000,0,165.216,0.000,28.575,164.3,Rolling
3.31000,1,521.494,0.000,28.575,0.0,Stationary
3.31500,0,164.395,0.000,28.575,163.8,Rolling
3.31500,1,521.494,0.000,28.575,0.0,Stationary
3.32000,0,163.578,0.000,28.575,163.3,Rolling
3.32000,1,521.494,0.000,28.575,0.0,Stationary
3.32500,0,162.762,0.000,28.575,162.8,Rolling
3.32500,1,521.494,0.000,28.575,0.0,Stationary
3.33000,0,161.949,0.000,28.575,162.3,Rolling
3.33000,1,521.494,0.000,28.575,0.0,Stationary
3.33500,0,161.139,0.000,28.575,161.8,Rolling
3.33500,1,521.494,0.000,28.575,0.0,Stationary
3.34000,0,160.331,0.000,28.575,161.4,Rolling
3.34000,1,521.494,0.000,28.575,0.0,Stationary
3.34500,0,159.525,0.000,28.575,160.9,Rolling
3.34500,1,521.494,0.000,28.575,0.0,Stationary
3.35000,0,158.722,0.000,28.575,160.4,Rolling
3.35000,1,521.494,0.000,28.575,0.0,Stationary
3.35500,0,157.922,0.000,28.575,159.9,Rolling
3.35500,1,521.494,0.000,28.575,0.0,Stationary
3.36000,0,157.124,0.000,28.575,159.4,Rolling
3.36000,1,521.494,0.000,28.575,0.0,Stationary
3.36500,0,156.328,0.000,28.575,158.9,Rolling
3.36500,1,521.494,0.000,28.575,0.0,Stationary
3.37000,0,155.535,0.000,28.575,158.4,Rolling
3.37000,1,521.494,0.000,28.575,0.0,Stationary
3.37500,0,154.744,0.000,28.575,157.9,Rolling
3.37500,1,521.494,0.000,28.575,0.0,Stationary
3.38000,0,153.955,0.000,28.575,157.4,Rolling
3.38000,1,521.494,0.000,28.575,0.0,Stationary
3.38500,0,153.169,0.000,28.575,156.9,Rolling
3.38500,1,521.494,0.000,28.575,0.0,Stationary
3.39000,0,152.386,0.000,28.575,156.4,Rolling
3.39000,1,521.494,0.000,28.575,0.0,Stationary
3.39500,0,151.605,0.000,28.575,156.0,Rolling
3.39500,1,521.494,0.000,28.575,0.0,Stationary
3.40000,0,150.826,0.000,28.575,155.5,Rolling
3.40000,1,521.494,0.000,28.575,0.0,Stationary
3.40500,0,150.050,0.000,28.575,155.0,Rolling
3.40500,1,521.494,0.000,28.575,0.0,Stationary
3.41000,0,149.277,0.000,28.575,154.5,Rolling
3.41000,1,521.494,0.000,28.575,0.0,Stationary
3.41500,0,148.505,0.000,28.575,154.0,Rolling
3.41500,1,521.494,0.000,28.575,0.0,Stationary
3.42000,0,147.737,0.000,28.575,153.5,Rolling
3.42000,1,521.494,0.000,28.575,0.0,Stationary
3.42500,0,146.970,0.000,28.575,153.0,Rolling
3.42500,1,521.494,0.000,28.575,0.0,Stationary
3.43000,0,146.207,0.000,28.575,152.5,Rolling
3.43000,1,521.494,0.000,28.575,0.0,Stationary
3.43500,0,145.445,0.000,28.575,152.0,Rolling
3.43500,1,521.494,0.000,28.575,0.0,Stationary
3.44000,0,144.686,0.000,28.575,151.5,Rolling
3.44000,1,521.494,0.000,28.575,0.0,Stationary
3.44500,0,143.930,0.000,28.575,151.1,Rolling
3.44500,1,521.494,0.000,28.575,0.0,Stationary
3.45000,0,143.176,0.000,28.575,150.6,Rolling
3.45000,1,521.494,0.000,28.575,0.0,Stationary
3.45500,0,142.424,0.000,28.575,150.1,Rolling
3.45500,1,521.494,0.000,28.575,0.0,Stationary
3.46000,0,141.675,0.000,28.575,149.6,Rolling
3.46000,1,521.494,0.000,28.575,0.0,Stationary
3.46500,0,140.928,0.000,28.575,149.1,Rolling
3.46500,1,521.494,0.000,28.575,0.0,Stationary
3.47000,0,140.184,0.000,28.575,148.6,Rolling
3.47000,1,521.494,0.000,28.575,0.0,Stationary
3.47500,0,139.442,0.000,28.575,148.1,Rolling
3.47500,1,521.494,0.000,28.575,0.0,Stationary
3.48000,0,138.703,0.000,28.575,147.6,Rolling
3.48000,1,521.494,0.000,28.575,0.0,Stationary
3.48500,0,137.966,0.000,28.575,147.1,Rolling
3.48500,1,521.494,0.000,28.575,0.0,Stationary
3.49000,0,137.232,0.000,28.575,146.6,Rolling
3.49000,1,521.494,0.000,28.575,0.0,Stationary
3.49500,0,136.500,0.000,28.575,146.2,Rolling
3.49500,1,521.494,0.000,28.575,0.0,Stationary
3.50000,0,135.770,0.000,28.575,145.7,Rolling
3.50000,1,521.494,0.000,28.575,0.0,Stationary
3.50500,0,135.043,0.000,28.575,145.2,Rolling
3.50500,1,521.494,0.000,28.575,0.0,Stationary
3.51000,0,134.318,0.000,28.575,144.7,Rolling
3.51000,1,521.494,0.000,28.575,0.0,Stationary
3.51500,0,133.596,0.000,28.575,144.2,Rolling
3.51500,1,521.494,0.000,28.575,0.0,Stationary
3.52000,0,132.876,0.000,28.575,143.7,Rolling
3.52000,1,521.494,0.000,28.575,0.0,Stationary
3.52500,0,132.159,0.000,28.575,143.2,Rolling
3.52500,1,521.494,0.000,28.575,0.0,Stationary
3.53000,0,131.444,0.000,28.575,142.7,Rolling
3.53000,1,521.494,0.000,28.575,0.0,Stationary
3.53500,0,130.732,0.000,28.575,142.2,Rolling
3.53500,1,521.494,0.000,28.575,0.0,Stationary
3.54000,0,130.022,0.000,28.575,141.7,Rolling
3.54000,1,521.494,0.000,28.575,0.0,Stationary
3.54500,0,129.315,0.000,28.575,141.2,Rolling
3.54500,1,521.494,0.000,28.575,0.0,Stationary
3.55000,0,128.610,0.000,28.575,140.8,Rolling
3.55000,1,521.494,0.000,28.575,0.0,Stationary
3.55500,0,127.907,0.000,28.575,140.3,Rolling
3.55500,1,521.494,0.000,28.575,0.0,Stationary
3.56000,0,127.207,0.000,28.575,139.8,Rolling
3.56000,1,521.494,0.000,28.575,0.0,Stationary
3.56500,0,126.509,0.000,28.575,139.3,Rolling
3.56500,1,521.494,0.000,28.575,0.0,Stationary
3.57000,0,125.814,0.000,28.575,138.8,Rolling
3.57000,1,521.494,0.000,28.575,0.0,Stationary
3.57500,0,125.121,0.000,28.575,138.3,Rolling
3.57500,1,521.494,0.000,28.575,0.0,Stationary
3.58000,0,124.431,0.000,28.575,137.8,Rolling
3.58000,1,521.494,0.000,28.575,0.0,Stationary
3.58500,0,123.743,0.000,28.575,137.3,Rolling
3.58500,1,521.494,0.000,28.575,0.0,Stationary
3.59000,0,123.058,0.000,28.575,136.8,Rolling
3.59000,1,521.494,0.000,28.575,0.0,Stationary
3.59500,0,122.375,0.000,28.575,136.3,Rolling
3.59500,1,521.494,0.000,28.575,0.0,Stationary
3.60000,0,121.694,0.000,28.575,135.9,Rolling
3.60000,1,521.494,0.000,28.575,0.0,Stationary
3.60500,0,121.016,0.000,28.575,135.4,Rolling
3.60500,1,521.494,0.000,28.575,0.0,Stationary
3.61000,0,120.341,0.000,28.575,134.9,Rolling
3.61000,1,521.494,0.000,28.575,0.0,Stationary
3.61500,0,119.668,0.000,28.575,134.4,Rolling
3.61500,1,521.494,0.000,28.575,0.0,Stationary
3.62000,0,118.997,0.000,28.575,133.9,Rolling
3.62000,1,521.494,0.000,28.575,0.0,Stationary
3.62500,0,118.329,0.000,28.575,133.4,Rolling
3.62500,1,521.494,0.000,28.575,0.0,Stationary
3.63000,0,117.663,0.000,28.575,132.9,Rolling
3.63000,1,521.494,0.000,28.575,0.0,Stationary
3.63500,0,117.000,0.000,28.575,132.4,Rolling
3.63500,1,521.494,0.000,28.575,0.0,Stationary
3.64000,0,116.339,0.000,28.575,131.9,Rolling
3.64000,1,521.494,0.000,28.575,0.0,Stationary
3.64500,0,115.680,0.000,28.575,131.4,Rolling
3.64500,1,521.494,0.000,28.575,0.0,Stationary
3.65000,0,115.024,0.000,28.575,131.0,Rolling
3.65000,1,521.494,0.000,28.575,0.0,Stationary
3.65500,0,114.371,0.000,28.575,130.5,Rolling
3.65500,1,521.494,0.000,28.575,0.0,Stationary
3.66000,0,113.720,0.000,28.575,130.0,Rolling
3.66000,1,521.494,0.000,28.575,0.0,Stationary
3.66500,0,113.071,0.000,28.575,129.5,Rolling
3.66500,1,521.494,0.000,28.575,0.0,Stationary
3.67000,0,112.425,0.000,28.575,129.0,Rolling
3.67000,1,521.494,0.000,28.575,0.0,Stationary
3.67500,0,111.781,0.000,28.575,128.5,Rolling
3.67500,1,521.494,0.000,28.575,0.0,Stationary
3.68000,0,111.140,0.000,28.575,128.0,Rolling
3.68000,1,521.494,0.000,28.575,0.0,Stationary
3.68500,0,110.501,0.000,28.575,127.5,Rolling
3.68500,1,521.494,0.000,28.575,0.0,Stationary
3.69000,0,109.865,0.000,28.575,127.0,Rolling
3.69000,1,521.494,0.000,28.575,0.0,Stationary
3.69500,0,109.231,0.000,28.575,126.5,Rolling
3.69500,1,521.494,0.000,28.575,0.0,Stationary
3.70000,0,108.599,0.000,28.575,126.0,Rolling
3.70000,1,521.494,0.000,28.575,0.0,Stationary
3.70500,0,107.970,0.000,28.575,125.6,Rolling
3.70500,1,521.494,0.000,28.575,0.0,Stationary
3.71000,0,107.344,0.000,28.575,125.1,Rolling
3.71000,1,521.494,0.000,28.575,0.0,Stationary
3.71500,0,106.720,0.000,28.575,124.6,Rolling
3.71500,1,521.494,0.000,28.575,0.0,Stationary
3.72000,0,106.098,0.000,28.575,124.1,Rolling
3.72000,1,521.494,0.000,28.575,0.0,Stationary
3.72500,0,105.479,0.000,28.575,123.6,Rolling
3.72500,1,521.494,0.000,28.575,0.0,Stationary
3.73000,0,104.862,0.000,28.575,123.1,Rolling
3.73000,1,521.494,0.000,28.575,0.0,Stationary
3.73500,0,104.248,0.000,28.575,122.6,Rolling
3.73500,1,521.494,0.000,28.575,0.0,Stationary
3.74000,0,103.636,0.000,28.575,122.1,Rolling
3.74000,1,521.494,0.000,28.575,0.0,Stationary
3.74500,0,103.026,0.000,28.575,121.6,Rolling
3.74500,1,521.494,0.000,28.575,0.0,Stationary
3.75000,0,102.419,0.000,28.575,121.1,Rolling
3.75000,1,521.494,0.000,28.575,0.0,Stationary
3.75500,0,101.815,0.000,28.575,120.7,Rolling
3.75500,1,521.494,0.000,28.575,0.0,Stationary
3.76000,0,101.213,0.000,28.575,120.2,Rolling
3.76000,1,521.494,0.000,28.575,0.0,Stationary
3.76500,0,100.613,0.000,28.575,119.7,Rolling
3.76500,1,521.494,0.000,28.575,0.0,Stationary
3.77000,0,100.016,0.000,28.575,119.2,Rolling
3.77000,1,521.494,0.000,28.575,0.0,Stationary
3.77500,0,99.422,0.000,28.575,118.7,Rolling
3.77500,1,521.494,0.000,28.575,0.0,Stationary
3.78000,0,98.829,0.000,28.575,118.2,Rolling
3.78000,1,521.494,0.000,28.575,0.0,Stationary
3.78500,0,98.240,0.000,28.575,117.7,Rolling
3.78500,1,521.494,0.000,28.575,0.0,Stationary
3.79000,0,97.652,0.000,28.575,117.2,Rolling
3.79000,1,521.494,0.000,28.575,0.0,Stationary
3.79500,0,97.067,0.000,28.575,116.7,Rolling
3.79500,1,521.494,0.000,28.575,0.0,Stationary
3.80000,0,96.485,0.000,28.575,116.2,Rolling
3.80000,1,521.494,0.000,28.575,0.0,Stationary
3.80500,0,95.905,0.000,28.575,115.8,Rolling
3.80500,1,521.494,0.000,28.575,0.0,Stationary
3.81000,0,95.327,0.000,28.575,115.3,Rolling
3.81000,1,521.494,0.000,28.575,0.0,Stationary
3.81500,0,94.752,0.000,28.575,114.8,Rolling
3.81500,1,521.494,0.000,28.575,0.0,Stationary
3.82000,0,94.180,0.000,28.575,114.3,Rolling
3.82000,1,521.494,0.000,28.575,0.0,Stationary
3.82500,0,93.610,0.000,28.575,113.8,Rolling
3.82500,1,521.494,0.000,28.575,0.0,Stationary
3.83000,0,93.042,0.000,28.575,113.3,Rolling
3.83000,1,521.494,0.000,28.575,0.0,Stationary
3.83500,0,92.477,0.000,28.575,112.8,Rolling
3.83500,1,521.494,0.000,28.575,0.0,Stationary
3.84000,0,91.914,0.000,28.575,112.3,Rolling
3.84000,1,521.494,0.000,28.575,0.0,Stationary
3.84500,0,91.353,0.000,28.575,111.8,Rolling
3.84500,1,521.494,0.000,28.575,0.0,Stationary
3.85000,0,90.795,0.000,28.575,111.3,Rolling
3.85000,1,521.494,0.000,28.575,0.0,Stationary
3.85500,0,90.240,0.000,28.575,110.8,Rolling
3.85500,1,521.494,0.000,28.575,0.0,Stationary
3.86000,0,89.687,0.000,28.575,110.4,Rolling
3.86000,1,521.494,0.000,28.575,0.0,Stationary
3.86500,0,89.136,0.000,28.575,109.9,Rolling
3.86500,1,521.494,0.000,28.575,0.0,Stationary
3.87000,0,88.588,0.000,28.575,109.4,Rolling
3.87000,1,521.494,0.000,28.575,0.0,Stationary
3.87500,0,88.043,0.000,28.575,108.9,Rolling
3.87500,1,521.494,0.000,28.575,0.0,Stationary
3.88000,0,87.499,0.000,28.575,108.4,Rolling
3.88000,1,521.494,0.000,28.575,0.0,Stationary
3.88500,0,86.959,0.000,28.575,107.9,Rolling
3.88500,1,521.494,0.000,28.575,0.0,Stationary
3.89000,0,86.420,0.000,28.575,107.4,Rolling
3.89000,1,521.494,0.000,28.575,0.0,Stationary
3.89500,0,85.885,0.000,28.575,106.9,Rolling
3.89500,1,521.494,0.000,28.575,0.0,Stationary
3.90000,0,85.351,0.000,28.575,106.4,Rolling
3.90000,1,521.494,0.000,28.575,0.0,Stationary
3.90500,0,84.820,0.000,28.575,105.9,Rolling
3.90500,1,521.494,0.000,28.575,0.0,Stationary
3.91000,0,84.292,0.000,28.575,105.5,Rolling
3.91000,1,521.494,0.000,28.575,0.0,Stationary
3.91500,0,83.766,0.000,28.575,105.0,Rolling
3.91500,1,521.494,0.000,28.575,0.0,Stationary
3.92000,0,83.242,0.000,28.575,104.5,Rolling
3.92000,1,521.494,0.000,28.575,0.0,Stationary
3.92500,0,82.721,0.000,28.575,104.0,Rolling
3.92500,1,521.494,0.000,28.575,0.0,Stationary
3.93000,0,82.202,0.000,28.575,103.5,Rolling
3.93000,1,521.494,0.000,28.575,0.0,Stationary
3.93500,0,81.686,0.000,28.575,103.0,Rolling
3.93500,1,521.494,0.000,28.575,0.0,Stationary
3.94000,0,81.172,0.000,28.575,102.5,Rolling
3.94000,1,521.494,0.000,28.575,0.0,Stationary
3.94500,0,80.661,0.000,28.575,102.0,Rolling
3.94500,1,521.494,0.000,28.575,0.0,Stationary
3.95000,0,80.152,0.000,28.575,101.5,Rolling
3.95000,1,521.494,0.000,28.575,0.0,Stationary
3.95500,0,79.646,0.000,28.575,101.0,Rolling
3.95500,1,521.494,0.000,28.575,0.0,Stationary
3.96000,0,79.142,0.000,28.575,100.5,Rolling
3.96000,1,521.494,0.000,28.575,0.0,Stationary
3.96500,0,78.640,0.000,28.575,100.1,Rolling
3.96500,1,521.494,0.000,28.575,0.0,Stationary
3.97000,0,78.141,0.000,28.575,99.6,Rolling
3.97000,1,521.494,0.000,28.575,0.0,Stationary
3.97500,0,77.644,0.000,28.575,99.1,Rolling
3.97500,1,521.494,0.000,28.575,0.0,Stationary
3.98000,0,77.150,0.000,28.575,98.6,Rolling
3.98000,1,521.494,0.000,28.575,0.0,Stationary
3.98500,0,76.659,0.000,28.575,98.1,Rolling
3.98500,1,521.494,0.000,28.575,0.0,Stationary
3.99000,0,76.169,0.000,28.575,97.6,Rolling
3.99000,1,521.494,0.000,28.575,0.0,Stationary
3.99500,0,75.682,0.000,28.575,97.1,Rolling
3.99500,1,521.494,0.000,28.575,0.0,Stationary
4.00000,0,75.198,0.000,28.575,96.6,Rolling
4.00000,1,521.494,0.000,28.575,0.0,Stationary
4.00500,0,74.716,0.000,28.575,96.1,Rolling
4.00500,1,521.494,0.000,28.575,0.0,Stationary
4.01000,0,74.237,0.000,28.575,95.6,Rolling
4.01000,1,521.494,0.000,28.575,0.0,Stationary
4.01500,0,73.760,0.000,28.575,95.2,Rolling
4.01500,1,521.494,0.000,28.575,0.0,Stationary
4.02000,0,73.285,0.000,28.575,94.7,Rolling
4.02000,1,521.494,0.000,28.575,0.0,Stationary
4.02500,0,72.813,0.000,28.575,94.2,Rolling
4.02500,1,521.494,0.000,28.575,0.0,Stationary
4.03000,0,72.343,0.000,28.575,93.7,Rolling
4.03000,1,521.494,0.000,28.575,0.0,Stationary
4.03500,0,71.876,0.000,28.575,93.2,Rolling
4.03500,1,521.494,0.000,28.575,0.0,Stationary
4.04000,0,71.411,0.000,28.575,92.7,Rolling
4.04000,1,521.494,0.000,28.575,0.0,Stationary
4.04500,0,70.949,0.000,28.575,92.2,Rolling
4.04500,1,521.494,0.000,28.575,0.0,Stationary
4.05000,0,70.489,0.000,28.575,91.7,Rolling
4.05000,1,521.494,0.000,28.575,0.0,Stationary
4.05500,0,70.032,0.000,28.575,91.2,Rolling
4.05500,1,521.494,0.000,28.575,0.0,Stationary
4.06000,0,69.577,0.000,28.575,90.7,Rolling
4.06000,1,521.494,0.000,28.575,0.0,Stationary
4.06500,0,69.124,0.000,28.575,90.3,Rolling
4.06500,1,521.494,0.000,28.575,0.0,Stationary
4.07000,0,68.674,0.000,28.575,89.8,Rolling
4.07000,1,521.494,0.000,28.575,0.0,Stationary
4.07500,0,68.227,0.000,28.575,89.3,Rolling
4.07500,1,521.494,0.000,28.575,0.0,Stationary
4.08000,0,67.782,0.000,28.575,88.8,Rolling
4.08000,1,521.494,0.000,28.575,0.0,Stationary
4.08500,0,67.339,0.000,28.575,88.3,Rolling
4.08500,1,521.494,0.000,28.575,0.0,Stationary
4.09000,0,66.899,0.000,28.575,87.8,Rolling
4.09000,1,521.494,0.000,28.575,0.0,Stationary
4.09500,0,66.461,0.000,28.575,87.3,Rolling
4.09500,1,521.494,0.000,28.575,0.0,Stationary
4.10000,0,66.026,0.000,28.575,86.8,Rolling
4.10000,1,521.494,0.000,28.575,0.0,Stationary
4.10500,0,65.593,0.000,28.575,86.3,Rolling
4.10500,1,521.494,0.000,28.575,0.0,Stationary
4.11000,0,65.162,0.000,28.575,85.8,Rolling
4.11000,1,521.494,0.000,28.575,0.0,Stationary
4.11500,0,64.734,0.000,28.575,85.3,Rolling
4.11500,1,521.494,0.000,28.575,0.0,Stationary
4.12000,0,64.309,0.000,28.575,84.9,Rolling
4.12000,1,521.494,0.000,28.575,0.0,Stationary
4.12500,0,63.886,0.000,28.575,84.4,Rolling
4.12500,1,521.494,0.000,28.575,0.0,Stationary
4.13000,0,63.465,0.000,28.575,83.9,Rolling
4.13000,1,521.494,0.000,28.575,0.0,Stationary
4.13500,0,63.047,0.000,28.575,83.4,Rolling
4.13500,1,521.494,0.000,28.575,0.0,Stationary
4.14000,0,62.631,0.000,28.575,82.9,Rolling
4.14000,1,521.494,0.000,28.575,0.0,Stationary
4.14500,0,62.218,0.000,28.575,82.4,Rolling
4.14500,1,521.494,0.000,28.575,0.0,Stationary
4.15000,0,61.807,0.000,28.575,81.9,Rolling
4.15000,1,521.494,0.000,28.575,0.0,Stationary
4.15500,0,61.399,0.000,28.575,81.4,Rolling
4.15500,1,521.494,0.000,28.575,0.0,Stationary
4.16000,0,60.993,0.000,28.575,80.9,Rolling
4.16000,1,521.494,0.000,28.575,0.0,Stationary
4.16500,0,60.590,0.000,28.575,80.4,Rolling
4.16500,1,521.494,0.000,28.575,0.0,Stationary
4.17000,0,60.189,0.000,28.575,80.0,Rolling
4.17000,1,521.494,0.000,28.575,0.0,Stationary
4.17500,0,59.790,0.000,28.575,79.5,Rolling
4.17500,1,521.494,0.000,28.575,0.0,Stationary
4.18000,0,59.394,0.000,28.575,79.0,Rolling
4.18000,1,521.494,0.000,28.575,0.0,Stationary
4.18500,0,59.000,0.000,28.575,78.5,Rolling
4.18500,1,521.494,0.000,28.575,0.0,Stationary
4.19000,0,58.609,0.000,28.575,78.0,Rolling
4.19000,1,521.494,0.000,28.575,0.0,Stationary
4.19500,0,58.220,0.000,28.575,77.5,Rolling
4.19500,1,521.494,0.000,28.575,0.0,Stationary
4.20000,0,57.834,0.000,28.575,77.0,Rolling
4.20000,1,521.494,0.000,28.575,0.0,Stationary
4.20500,0,57.450,0.000,28.575,76.5,Rolling
4.20500,1,521.494,0.000,28.575,0.0,Stationary
4.21000,0,57.069,0.000,28.575,76.0,Rolling
4.21000,1,521.494,0.000,28.575,0.0,Stationary
4.21500,0,56.690,0.000,28.575,75.5,Rolling
4.21500,1,521.494,0.000,28.575,0.0,Stationary
4.22000,0,56.313,0.000,28.575,75.1,Rolling
4.22000,1,521.494,0.000,28.575,0.0,Stationary
4.22500,0,55.939,0.000,28.575,74.6,Rolling
4.22500,1,521.494,0.000,28.575,0.0,Stationary
4.23000,0,55.568,0.000,28.575,74.1,Rolling
4.23000,1,521.494,0.000,28.575,0.0,Stationary
4.23500,0,55.199,0.000,28.575,73.6,Rolling
4.23500,1,521.494,0.000,28.575,0.0,Stationary
4.24000,0,54.832,0.000,28.575,73.1,Rolling
4.24000,1,521.494,0.000,28.575,0.0,Stationary
4.24500,0,54.468,0.000,28.575,72.6,Rolling
4.24500,1,521.494,0.000,28.575,0.0,Stationary
4.25000,0,54.106,0.000,28.575,72.1,Rolling
4.25000,1,521.494,0.000,28.575,0.0,Stationary
4.25500,0,53.747,0.000,28.575,71.6,Rolling
4.25500,1,521.494,0.000,28.575,0.0,Stationary
4.26000,0,53.390,0.000,28.575,71.1,Rolling
4.26000,1,521.494,0.000,28.575,0.0,Stationary
4.26500,0,53.035,0.000,28.575,70.6,Rolling
4.26500,1,521.494,0.000,28.575,0.0,Stationary
4.27000,0,52.683,0.000,28.575,70.1,Rolling
4.27000,1,521.494,0.000,28.575,0.0,Stationary
4.27500,0,52.334,0.000,28.575,69.7,Rolling
4.27500,1,521.494,0.000,28.575,0.0,Stationary
4.28000,0,51.987,0.000,28.575,69.2,Rolling
4.28000,1,521.494,0.000,28.575,0.0,Stationary
4.28500,0,51.642,0.000,28.575,68.7,Rolling
4.28500,1,521.494,0.000,28.575,0.0,Stationary
4.29000,0,51.300,0.000,28.575,68.2,Rolling
4.29000,1,521.494,0.000,28.575,0.0,Stationary
4.29500,0,50.960,0.000,28.575,67.7,Rolling
4.29500,1,521.494,0.000,28.575,0.0,Stationary
4.30000,0,50.623,0.000,28.575,67.2,Rolling
4.30000,1,521.494,0.000,28.575,0.0,Stationary
4.30500,0,50.288,0.000,28.575,66.7,Rolling
4.30500,1,521.494,0.000,28.575,0.0,Stationary
4.31000,0,49.956,0.000,28.575,66.2,Rolling
4.31000,1,521.494,0.000,28.575,0.0,Stationary
4.31500,0,49.626,0.000,28.575,65.7,Rolling
4.31500,1,521.494,0.000,28.575,0.0,Stationary
4.32000,0,49.298,0.000,28.575,65.2,Rolling
4.32000,1,521.494,0.000,28.575,0.0,Stationary
4.32500,0,48.973,0.000,28.575,64.8,Rolling
4.32500,1,521.494,0.000,28.575,0.0,Stationary
4.33000,0,48.651,0.000,28.575,64.3,Rolling
4.33000,1,521.494,0.000,28.575,0.0,Stationary
4.33500,0,48.331,0.000,28.575,63.8,Rolling
4.33500,1,521.494,0.000,28.575,0.0,Stationary
4.34000,0,48.013,0.000,28.575,63.3,Rolling
4.34000,1,521.494,0.000,28.575,0.0,Stationary
4.34500,0,47.698,0.000,28.575,62.8,Rolling
4.34500,1,521.494,0.000,28.575,0.0,Stationary
4.35000,0,47.385,0.000,28.575,62.3,Rolling
4.35000,1,521.494,0.000,28.575,0.0,Stationary
4.35500,0,47.075,0.000,28.575,61.8,Rolling
4.35500,1,521.494,0.000,28.575,0.0,Stationary
4.36000,0,46.767,0.000,28.575,61.3,Rolling
4.36000,1,521.494,0.000,28.575,0.0,Stationary
4.36500,0,46.462,0.000,28.575,60.8,Rolling
4.36500,1,521.494,0.000,28.575,0.0,Stationary
4.37000,0,46.159,0.000,28.575,60.3,Rolling
4.37000,1,521.494,0.000,28.575,0.0,Stationary
4.37500,0,45.858,0.000,28.575,59.9,Rolling
4.37500,1,521.494,0.000,28.575,0.0,Stationary
4.38000,0,45.560,0.000,28.575,59.4,Rolling
4.38000,1,521.494,0.000,28.575,0.0,Stationary
4.38500,0,45.265,0.000,28.575,58.9,Rolling
4.38500,1,521.494,0.000,28.575,0.0,Stationary
4.39000,0,44.971,0.000,28.575,58.4,Rolling
4.39000,1,521.494,0.000,28.575,0.0,Stationary
4.39500,0,44.681,0.000,28.575,57.9,Rolling
4.39500,1,521.494,0.000,28.575,0.0,Stationary
4.40000,0,44.393,0.000,28.575,57.4,Rolling
4.40000,1,521.494,0.000,28.575,0.0,Stationary
4.40500,0,44.107,0.000,28.575,56.9,Rolling
4.40500,1,521.494,0.000,28.575,0.0,Stationary
4.41000,0,43.823,0.000,28.575,56.4,Rolling
4.41000,1,521.494,0.000,28.575,0.0,Stationary
4.41500,0,43.543,0.000,28.575,55.9,Rolling
4.41500,1,521.494,0.000,28.575,0.0,Stationary
4.42000,0,43.264,0.000,28.575,55.4,Rolling
4.42000,1,521.494,0.000,28.575,0.0,Stationary
4.42500,0,42.988,0.000,28.575,54.9,Rolling
4.42500,1,521.494,0.000,28.575,0.0,Stationary
4.43000,0,42.715,0.000,28.575,54.5,Rolling
4.43000,1,521.494,0.000,28.575,0.0,Stationary
4.43500,0,42.444,0.000,28.575,54.0,Rolling
4.43500,1,521.494,0.000,28.575,0.0,Stationary
4.44000,0,42.175,0.000,28.575,53.5,Rolling
4.44000,1,521.494,0.000,28.575,0.0,Stationary
4.44500,0,41.909,0.000,28.575,53.0,Rolling
4.44500,1,521.494,0.000,28.575,0.0,Stationary
4.45000,0,41.645,0.000,28.575,52.5,Rolling
4.45000,1,521.494,0.000,28.575,0.0,Stationary
4.45500,0,41.384,0.000,28.575,52.0,Rolling
4.45500,1,521.494,0.000,28.575,0.0,Stationary
4.46000,0,41.125,0.000,28.575,51.5,Rolling
4.46000,1,521.494,0.000,28.575,0.0,Stationary
4.46500,0,40.869,0.000,28.575,51.0,Rolling
4.46500,1,521.494,0.000,28.575,0.0,Stationary
4.47000,0,40.615,0.000,28.575,50.5,Rolling
4.47000,1,521.494,0.000,28.575,0.0,Stationary
4.47500,0,40.363,0.000,28.575,50.0,Rolling
4.47500,1,521.494,0.000,28.575,0.0,Stationary
4.48000,0,40.114,0.000,28.575,49.6,Rolling
4.48000,1,521.494,0.000,28.575,0.0,Stationary
4.48500,0,39.868,0.000,28.575,49.1,Rolling
4.48500,1,521.494,0.000,28.575,0.0,Stationary
4.49000,0,39.624,0.000,28.575,48.6,Rolling
4.49000,1,521.494,0.000,28.575,0.0,Stationary
4.49500,0,39.382,0.000,28.575,48.1,Rolling
4.49500,1,521.494,0.000,28.575,0.0,Stationary
4.50000,0,39.143,0.000,28.575,47.6,Rolling
4.50000,1,521.494,0.000,28.575,0.0,Stationary
4.50500,0,38.906,0.000,28.575,47.1,Rolling
4.50500,1,521.494,0.000,28.575,0.0,Stationary
4.51000,0,38.672,0.000,28.575,46.6,Rolling
4.51000,1,521.494,0.000,28.575,0.0,Stationary
4.51500,0,38.440,0.000,28.575,46.1,Rolling
4.51500,1,521.494,0.000,28.575,0.0,Stationary
4.52000,0,38.211,0.000,28.575,45.6,Rolling
4.52000,1,521.494,0.000,28.575,0.0,Stationary
4.52500,0,37.984,0.000,28.575,45.1,Rolling
4.52500,1,521.494,0.000,28.575,0.0,Stationary
4.53000,0,37.759,0.000,28.575,44.7,Rolling
4.53000,1,521.494,0.000,28.575,0.0,Stationary
4.53500,0,37.537,0.000,28.575,44.2,Rolling
4.53500,1,521.494,0.000,28.575,0.0,Stationary
4.54000,0,37.317,0.000,28.575,43.7,Rolling
4.54000,1,521.494,0.000,28.575,0.0,Stationary
4.54500,0,37.100,0.000,28.575,43.2,Rolling
4.54500,1,521.494,0.000,28.575,0.0,Stationary
4.55000,0,36.886,0.000,28.575,42.7,Rolling
4.55000,1,521.494,0.000,28.575,0.0,Stationary
4.55500,0,36.673,0.000,28.575,42.2,Rolling
4.55500,1,521.494,0.000,28.575,0.0,Stationary
4.56000,0,36.464,0.000,28.575,41.7,Rolling
4.56000,1,521.494,0.000,28.575,0.0,Stationary
4.56500,0,36.256,0.000,28.575,41.2,Rolling
4.56500,1,521.494,0.000,28.575,0.0,Stationary
4.57000,0,36.051,0.000,28.575,40.7,Rolling
4.57000,1,521.494,0.000,28.575,0.0,Stationary
4.57500,0,35.849,0.000,28.575,40.2,Rolling
4.57500,1,521.494,0.000,28.575,0.0,Stationary
4.58000,0,35.649,0.000,28.575,39.7,Rolling
4.58000,1,521.494,0.000,28.575,0.0,Stationary
4.58500,0,35.452,0.000,28.575,39.3,Rolling
4.58500,1,521.494,0.000,28.575,0.0,Stationary
4.59000,0,35.256,0.000,28.575,38.8,Rolling
4.59000,1,521.494,0.000,28.575,0.0,Stationary
4.59500,0,35.064,0.000,28.575,38.3,Rolling
4.59500,1,521.494,0.000,28.575,0.0,Stationary
4.60000,0,34.874,0.000,28.575,37.8,Rolling
4.60000,1,521.494,0.000,28.575,0.0,Stationary
4.60500,0,34.686,0.000,28.575,37.3,Rolling
4.60500,1,521.494,0.000,28.575,0.0,Stationary
4.61000,0,34.501,0.000,28.575,36.8,Rolling
4.61000,1,521.494,0.000,28.575,0.0,Stationary
4.61500,0,34.318,0.000,28.575,36.3,Rolling
4.61500,1,521.494,0.000,28.575,0.0,Stationary
4.62000,0,34.138,0.000,28.575,35.8,Rolling
4.62000,1,521.494,0.000,28.575,0.0,Stationary
4.62500,0,33.960,0.000,28.575,35.3,Rolling
4.62500,1,521.494,0.000,28.575,0.0,Stationary
4.63000,0,33.784,0.000,28.575,34.8,Rolling
4.63000,1,521.494,0.000,28.575,0.0,Stationary
4.63500,0,33.611,0.000,28.575,34.4,Rolling
4.63500,1,521.494,0.000,28.575,0.0,Stationary
4.64000,0,33.441,0.000,28.575,33.9,Rolling
4.64000,1,521.494,0.000,28.575,0.0,Stationary
4.64500,0,33.273,0.000,28.575,33.4,Rolling
4.64500,1,521.494,0.000,28.575,0.0,Stationary
4.65000,0,33.107,0.000,28.575,32.9,Rolling
4.65000,1,521.494,0.000,28.575,0.0,Stationary
4.65500,0,32.944,0.000,28.575,32.4,Rolling
4.65500,1,521.494,0.000,28.575,0.0,Stationary
4.66000,0,32.783,0.000,28.575,31.9,Rolling
4.66000,1,521.494,0.000,28.575,0.0,Stationary
4.66500,0,32.625,0.000,28.575,31.4,Rolling
4.66500,1,521.494,0.000,28.575,0.0,Stationary
4.67000,0,32.469,0.000,28.575,30.9,Rolling
4.67000,1,521.494,0.000,28.575,0.0,Stationary
4.67500,0,32.315,0.000,28.575,30.4,Rolling
4.67500,1,521.494,0.000,28.575,0.0,Stationary
4.68000,0,32.165,0.000,28.575,29.9,Rolling
4.68000,1,521.494,0.000,28.575,0.0,Stationary
4.68500,0,32.016,0.000,28.575,29.5,Rolling
4.68500,1,521.494,0.000,28.575,0.0,Stationary
4.69000,0,31.870,0.000,28.575,29.0,Rolling
4.69000,1,521.494,0.000,28.575,0.0,Stationary
4.69500,0,31.726,0.000,28.575,28.5,Rolling
4.69500,1,521.494,0.000,28.575,0.0,Stationary
4.70000,0,31.585,0.000,28.575,28.0,Rolling
4.70000,1,521.494,0.000,28.575,0.0,Stationary
4.70500,0,31.447,0.000,28.575,27.5,Rolling
4.70500,1,521.494,0.000,28.575,0.0,Stationary
4.71000,0,31.310,0.000,28.575,27.0,Rolling
4.71000,1,521.494,0.000,28.575,0.0,Stationary
4.71500,0,31.177,0.000,28.575,26.5,Rolling
4.71500,1,521.494,0.000,28.575,0.0,Stationary
4.72000,0,31.045,0.000,28.575,26.0,Rolling
4.72000,1,521.494,0.000,28.575,0.0,Stationary
4.72500,0,30.916,0.000,28.575,25.5,Rolling
4.72500,1,521.494,0.000,28.575,0.0,Stationary
4.73000,0,30.790,0.000,28.575,25.0,Rolling
4.73000,1,521.494,0.000,28.575,0.0,Stationary
4.73500,0,30.666,0.000,28.575,24.5,Rolling
4.73500,1,521.494,0.000,28.575,0.0,Stationary
4.74000,0,30.545,0.000,28.575,24.1,Rolling
4.74000,1,521.494,0.000,28.575,0.0,Stationary
4.74500,0,30.425,0.000,28.575,23.6,Rolling
4.74500,1,521.494,0.000,28.575,0.0,Stationary
4.75000,0,30.309,0.000,28.575,23.1,Rolling
4.75000,1,521.494,0.000,28.575,0.0,Stationary
4.75500,0,30.195,0.000,28.575,22.6,Rolling
4.75500,1,521.494,0.000,28.575,0.0,Stationary
4.76000,0,30.083,0.000,28.575,22.1,Rolling
4.76000,1,521.494,0.000,28.575,0.0,Stationary
4.76500,0,29.974,0.000,28.575,21.6,Rolling
4.76500,1,521.494,0.000,28.575,0.0,Stationary
4.77000,0,29.867,0.000,28.575,21.1,Rolling
4.77000,1,521.494,0.000,28.575,0.0,Stationary
4.77500,0,29.763,0.000,28.575,20.6,Rolling
4.77500,1,521.494,0.000,28.575,0.0,Stationary
4.78000,0,29.661,0.000,28.575,20.1,Rolling
4.78000,1,521.494,0.000,28.575,0.0,Stationary
4.78500,0,29.561,0.000,28.575,19.6,Rolling
4.78500,1,521.494,0.000,28.575,0.0,Stationary
4.79000,0,29.464,0.000,28.575,19.2,Rolling
4.79000,1,521.494,0.000,28.575,0.0,Stationary
4.79500,0,29.370,0.000,28.575,18.7,Rolling
4.79500,1,521.494,0.000,28.575,0.0,Stationary
4.80000,0,29.278,0.000,28.575,18.2,Rolling
4.80000,1,521.494,0.000,28.575,0.0,Stationary
4.80500,0,29.188,0.000,28.575,17.7,Rolling
4.80500,1,521.494,0.000,28.575,0.0,Stationary
4.81000,0,29.101,0.000,28.575,17.2,Rolling
4.81000,1,521.494,0.000,28.575,0.0,Stationary
4.81500,0,29.016,0.000,28.575,16.7,Rolling
4.81500,1,521.494,0.000,28.575,0.0,Stationary
4.82000,0,28.934,0.000,28.575,16.2,Rolling
4.82000,1,521.494,0.000,28.575,0.0,Stationary
4.82500,0,28.854,0.000,28.575,15.7,Rolling
4.82500,1,521.494,0.000,28.575,0.0,Stationary
4.83000,0,28.776,0.000,28.575,15.2,Rolling
4.83000,1,521.494,0.000,28.575,0.0,Stationary
4.83500,0,28.702,0.000,28.575,14.7,Rolling
4.83500,1,521.494,0.000,28.575,0.0,Stationary
4.84000,0,28.629,0.000,28.575,14.3,Rolling
4.84000,1,521.494,0.000,28.575,0.0,Stationary
4.84500,0,28.559,0.000,28.575,13.8,Rolling
4.84500,1,521.494,0.000,28.575,0.0,Stationary
4.85000,0,28.491,0.000,28.575,13.3,Rolling
4.85000,1,521.494,0.000,28.575,0.0,Stationary
4.85500,0,28.426,0.000,28.575,12.8,Rolling
4.85500,1,521.494,0.000,28.575,0.0,Stationary
4.86000,0,28.364,0.000,28.575,12.3,Rolling
4.86000,1,521.494,0.000,28.575,0.0,Stationary
4.86500,0,28.303,0.000,28.575,11.8,Rolling
4.86500,1,521.494,0.000,28.575,0.0,Stationary
4.87000,0,28.246,0.000,28.575,11.3,Rolling
4.87000,1,521.494,0.000,28.575,0.0,Stationary
4.87500,0,28.190,0.000,28.575,10.8,Rolling
4.87500,1,521.494,0.000,28.575,0.0,Stationary
4.88000,0,28.137,0.000,28.575,10.3,Rolling
4.88000,1,521.494,0.000,28.575,0.0,Stationary
4.88500,0,28.087,0.000,28.575,9.8,Rolling
4.88500,1,521.494,0.000,28.575,0.0,Stationary
4.89000,0,28.039,0.000,28.575,9.3,Rolling
4.89000,1,521.494,0.000,28.575,0.0,Stationary
4.89500,0,27.994,0.000,28.575,8.9,Rolling
4.89500,1,521.494,0.000,28.575,0.0,Stationary
4.90000,0,27.950,0.000,28.575,8.4,Rolling
4.90000,1,521.494,0.000,28.575,0.0,Stationary
4.90500,0,27.910,0.000,28.575,7.9,Rolling
4.90500,1,521.494,0.000,28.575,0.0,Stationary
4.91000,0,27.872,0.000,28.575,7.4,Rolling
4.91000,1,521.494,0.000,28.575,0.0,Stationary
4.91500,0,27.836,0.000,28.575,6.9,Rolling
4.91500,1,521.494,0.000,28.575,0.0,Stationary
4.92000,0,27.803,0.000,28.575,6.4,Rolling
4.92000,1,521.494,0.000,28.575,0.0,Stationary
4.92500,0,27.772,0.000,28.575,5.9,Rolling
4.92500,1,521.494,0.000,28.575,0.0,Stationary
4.93000,0,27.744,0.000,28.575,5.4,Rolling
4.93000,1,521.494,0.000,28.575,0.0,Stationary
4.93500,0,27.718,0.000,28.575,4.9,Rolling
4.93500,1,521.494,0.000,28.575,0.0,Stationary
4.94000,0,27.694,0.000,28.575,4.4,Rolling
4.94000,1,521.494,0.000,28.575,0.0,Stationary
4.94500,0,27.673,0.000,28.575,4.0,Rolling
4.94500,1,521.494,0.000,28.575,0.0,Stationary
4.95000,0,27.655,0.000,28.575,3.5,Rolling
4.95000,1,521.494,0.000,28.575,0.0,Stationary
4.95500,0,27.639,0.000,28.575,3.0,Rolling
4.95500,1,521.494,0.000,28.575,0.0,Stationary
4.96000,0,27.625,0.000,28.575,2.5,Rolling
4.96000,1,521.494,0.000,28.575,0.0,Stationary
4.96500,0,27.614,0.000,28.575,2.0,Rolling
4.96500,1,521.494,0.000,28.575,0.0,Stationary
4.97000,0,27.605,0.000,28.575,1.5,Rolling
4.97000,1,521.494,0.000,28.575,0.0,Stationary
4.97500,0,27.599,0.000,28.575,1.0,Rolling
4.97500,1,521.494,0.000,28.575,0.0,Stationary
4.98000,0,27.595,0.000,28.575,0.5,Rolling
4.98000,1,521.494,0.000,28.575,0.0,Stationary
4.98500,0,27.594,0.000,28.575,0.0,Rolling
4.98500,1,521.494,0.000,28.575,0.0,Stationary
