seq,t,group,kind,ball,detail
0,0.054628,1,slide_to_roll,0,
1,0.393092,2,ball_ball,0,1
2,0.393092,3,kick,1,Landing
3,0.398139,4,kick,1,Landing
4,0.401167,5,kick,1,Landing
5,0.401504,6,kick,0,Landing
6,0.402984,7,kick,1,Landing
7,0.404074,8,kick,1,Landing
8,0.404728,9,kick,1,Landing
9,0.405121,10,kick,1,Landing
10,0.405356,11,kick,1,Landing
11,0.405497,12,kick,1,Landing
12,0.405582,13,kick,1,Landing
13,0.405633,14,kick,1,Landing
14,0.405664,15,kick,1,Landing
15,0.405682,16,kick,1,Landing
16,0.405693,17,kick,1,Landing
17,0.405699,18,kick,1,Landing
18,0.405703,19,kick,1,Landing
19,0.405706,20,kick,1,Landing
20,0.405707,21,kick,1,Landing
21,0.405708,22,kick,1,Landing
22,0.405709,23,kick,1,Landing
23,0.405709,24,kick,1,Landing
24,0.405709,25,kick,1,Landing
25,0.405709,26,kick,1,Landing
26,0.405709,27,kick,1,Landing
27,0.405709,28,kick,1,Landing
28,0.405709,29,kick,1,Landing
29,0.405709,30,kick,1,Landing
30,0.405709,31,kick,1,Landing
31,0.405709,32,kick,1,Landing
32,0.405709,33,kick,1,Landing
33,0.405709,34,kick,1,Landing
34,0.405709,35,kick,1,Landing
35,0.405709,36,kick,1,Landing
36,0.405709,37,kick,1,Landing
37,0.406550,39,kick,0,Landing
38,0.409579,40,kick,0,Landing
39,0.411395,41,kick,0,Landing
40,0.412486,42,kick,0,Landing
41,0.413140,43,kick,0,Landing
42,0.413532,44,kick,0,Landing
43,0.413767,45,kick,0,Landing
44,0.413909,46,kick,0,Landing
45,0.413994,47,kick,0,Landing
46,0.414044,48,kick,0,Landing
47,0.414075,49,kick,0,Landing
48,0.414093,50,kick,0,Landing
49,0.414104,51,kick,0,Landing
50,0.414111,52,kick,0,Landing
51,0.414115,53,kick,0,Landing
52,0.414117,54,kick,0,Landing
53,0.414119,55,kick,0,Landing
54,0.414119,56,kick,0,Landing
55,0.414120,57,kick,0,Landing
56,0.414120,58,kick,0,Landing
57,0.414120,59,kick,0,Landing
58,0.414121,60,kick,0,Landing
59,0.414121,61,kick,0,Landing
60,0.414121,62,kick,0,Landing
61,0.414121,63,kick,0,Landing
62,0.414121,64,kick,0,Landing
63,0.414121,65,kick,0,Landing
64,0.414121,66,kick,0,Landing
65,0.414121,67,kick,0,Landing
66,0.414121,68,kick,0,Landing
67,0.414121,69,kick,0,Landing
68,0.414121,70,kick,0,Landing
69,0.414121,71,kick,0,Landing
70,0.608944,73,rail_contact,1,foot_short
71,0.634974,74,kick,1,Landing
72,0.650592,75,kick,1,Landing
73,0.659962,76,kick,1,Landing
74,0.665585,77,kick,1,Landing
75,0.668958,78,kick,1,Landing
76,0.670982,79,kick,1,Landing
77,0.672196,80,kick,1,Landing
78,0.672925,81,kick,1,Landing
79,0.673362,82,kick,1,Landing
80,0.673625,83,kick,1,Landing
81,0.673782,84,kick,1,Landing
82,0.673876,85,kick,1,Landing
83,0.673933,86,kick,1,Landing
84,0.673967,87,kick,1,Landing
85,0.673988,88,kick,1,Landing
86,0.674000,89,kick,1,Landing
87,0.674007,90,kick,1,Landing
88,0.674011,91,kick,1,Landing
89,0.674014,92,kick,1,Landing
90,0.674016,93,kick,1,Landing
91,0.674017,94,kick,1,Landing
92,0.674017,95,kick,1,Landing
93,0.674018,96,kick,1,Landing
94,0.674018,97,kick,1,Landing
95,0.674018,98,kick,1,Landing
96,0.674018,99,kick,1,Landing
97,0.674018,100,kick,1,Landing
98,0.674018,101,kick,1,Landing
99,0.674018,102,kick,1,Landing
100,0.674018,103,kick,1,Landing
101,0.674018,104,kick,1,Landing
102,0.674018,105,kick,1,Landing
103,0.674018,106,kick,1,Landing
104,0.674018,107,kick,1,Landing
105,0.674018,108,kick,1,Landing
106,0.674018,109,kick,1,Landing
107,0.828536,111,ball_ball,0,1
108,0.828536,112,kick,1,Landing
109,0.841743,113,kick,1,Landing
110,0.849668,114,kick,1,Landing
111,0.850548,115,kick,0,Landing
112,0.854422,116,kick,1,Landing
113,0.857275,117,kick,1,Landing
114,0.858987,118,kick,1,Landing
115,0.860013,119,kick,1,Landing
116,0.860630,120,kick,1,Landing
117,0.860999,121,kick,1,Landing
118,0.861221,122,kick,1,Landing
119,0.861354,123,kick,1,Landing
120,0.861434,124,kick,1,Landing
121,0.861482,125,kick,1,Landing
122,0.861511,126,kick,1,Landing
123,0.861528,127,kick,1,Landing
124,0.861538,128,kick,1,Landing
125,0.861545,129,kick,1,Landing
126,0.861548,130,kick,1,Landing
127,0.861551,131,kick,1,Landing
128,0.861552,132,kick,1,Landing
129,0.861553,133,kick,1,Landing
130,0.861553,134,kick,1,Landing
131,0.861554,135,kick,1,Landing
132,0.861554,136,kick,1,Landing
133,0.861554,137,kick,1,Landing
134,0.861554,138,kick,1,Landing
135,0.861554,139,kick,1,Landing
136,0.861554,140,kick,1,Landing
137,0.861554,141,kick,1,Landing
138,0.861554,142,kick,1,Landing
139,0.861554,143,kick,1,Landing
140,0.861554,144,kick,1,Landing
141,0.861554,145,kick,1,Landing
142,0.861554,146,kick,1,Landing
143,0.861554,147,kick,1,Landing
144,0.861554,148,kick,1,Landing
145,0.863755,150,kick,0,Landing
146,0.871679,151,kick,0,Landing
147,0.876434,152,kick,0,Landing
148,0.879287,153,kick,0,Landing
149,0.880998,154,kick,0,Landing
150,0.882025,155,kick,0,Landing
151,0.882641,156,kick,0,Landing
152,0.883011,157,kick,0,Landing
153,0.883233,158,kick,0,Landing
154,0.883366,159,kick,0,Landing
155,0.883446,160,kick,0,Landing
156,0.883494,161,kick,0,Landing
157,0.883523,162,kick,0,Landing
158,0.883540,163,kick,0,Landing
159,0.883550,164,kick,0,Landing
160,0.883556,165,kick,0,Landing
161,0.883560,166,kick,0,Landing
162,0.883562,167,kick,0,Landing
163,0.883564,168,kick,0,Landing
164,0.883564,169,kick,0,Landing
165,0.883565,170,kick,0,Landing
166,0.883565,171,kick,0,Landing
167,0.883565,172,kick,0,Landing
168,0.883565,173,kick,0,Landing
169,0.883566,174,kick,0,Landing
170,0.883566,175,kick,0,Landing
171,0.883566,176,kick,0,Landing
172,0.883566,177,kick,0,Landing
173,0.883566,178,kick,0,Landing
174,0.883566,179,kick,0,Landing
175,0.883566,180,kick,0,Landing
176,0.883566,181,kick,0,Landing
177,0.883566,182,kick,0,Landing
178,0.883566,183,kick,0,Landing
179,0.883566,184,kick,0,Landing
180,1.047930,186,slide_to_roll,1,
181,1.211538,187,slide_to_roll,0,
182,1.644314,188,rail_contact,1,foot_short
183,1.656034,189,kick,1,Landing
184,1.663065,190,kick,1,Landing
185,1.667284,191,kick,1,Landing
186,1.669815,192,kick,1,Landing
187,1.671334,193,kick,1,Landing
188,1.672245,194,kick,1,Landing
189,1.672792,195,kick,1,Landing
190,1.673120,196,kick,1,Landing
191,1.673317,197,kick,1,Landing
192,1.673435,198,kick,1,Landing
193,1.673506,199,kick,1,Landing
194,1.673548,200,kick,1,Landing
195,1.673574,201,kick,1,Landing
196,1.673589,202,kick,1,Landing
197,1.673598,203,kick,1,Landing
198,1.673604,204,kick,1,Landing
199,1.673607,205,kick,1,Landing
200,1.673609,206,kick,1,Landing
201,1.673610,207,kick,1,Landing
202,1.673611,208,kick,1,Landing
203,1.673612,209,kick,1,Landing
204,1.673612,210,kick,1,Landing
205,1.673612,211,kick,1,Landing
206,1.673612,212,kick,1,Landing
207,1.673612,213,kick,1,Landing
208,1.673612,214,kick,1,Landing
209,1.673612,215,kick,1,Landing
210,1.673612,216,kick,1,Landing
211,1.673612,217,kick,1,Landing
212,1.673612,218,kick,1,Landing
213,1.673612,219,kick,1,Landing
214,1.673612,220,kick,1,Landing
215,1.673612,221,kick,1,Landing
216,1.673612,222,kick,1,Landing
217,1.755227,224,slide_to_roll,1,
218,2.997075,225,rail_contact,0,head_short
219,3.019335,226,kick,0,Landing
220,3.032691,227,kick,0,Landing
221,3.040705,228,kick,0,Landing
222,3.045514,229,kick,0,Landing
223,3.048399,230,kick,0,Landing
224,3.050129,231,kick,0,Landing
225,3.051168,232,kick,0,Landing
226,3.051791,233,kick,0,Landing
227,3.052165,234,kick,0,Landing
228,3.052389,235,kick,0,Landing
229,3.052524,236,kick,0,Landing
230,3.052605,237,kick,0,Landing
231,3.052653,238,kick,0,Landing
232,3.052682,239,kick,0,Landing
233,3.052700,240,kick,0,Landing
234,3.052710,241,kick,0,Landing
235,3.052717,242,kick,0,Landing
236,3.052720,243,kick,0,Landing
237,3.052723,244,kick,0,Landing
238,3.052724,245,kick,0,Landing
239,3.052725,246,kick,0,Landing
240,3.052725,247,kick,0,Landing
241,3.052726,248,kick,0,Landing
242,3.052726,249,kick,0,Landing
243,3.052726,250,kick,0,Landing
244,3.052726,251,kick,0,Landing
245,3.052726,252,kick,0,Landing
246,3.052726,253,kick,0,Landing
247,3.052726,254,kick,0,Landing
248,3.052726,255,kick,0,Landing
249,3.052726,256,kick,0,Landing
250,3.052726,257,kick,0,Landing
251,3.052726,258,kick,0,Landing
252,3.052726,259,kick,0,Landing
253,3.052726,260,kick,0,Landing
254,3.052726,261,kick,0,Landing
255,3.199188,263,roll_to_stop,1,
256,3.207755,264,slide_to_roll,0,
257,5.950577,265,roll_to_stop,0,
