{"cue_speed_m_s":3.5763,"b_over_R":0.05,"drag_m":0.3048,"want_mm":68.9,"got_mm":36.6,"err_mm":-32.3}
{"cue_speed_m_s":3.5763,"b_over_R":0.1,"drag_m":0.3048,"want_mm":482.3,"got_mm":220.1,"err_mm":-262.2}
{"cue_speed_m_s":3.5763,"b_over_R":0.15,"drag_m":0.3048,"want_mm":1211.5,"got_mm":534.2,"err_mm":-677.3}
{"cue_speed_m_s":3.5763,"b_over_R":0.2,"drag_m":0.3048,"want_mm":2166.7,"got_mm":1036.6,"err_mm":-1130.1}
{"cue_speed_m_s":3.5763,"b_over_R":0.1,"drag_m":1.2192,"want_mm":11.4,"got_mm":8.7,"err_mm":-2.7}
{"cue_speed_m_s":3.5763,"b_over_R":0.15,"drag_m":1.2192,"want_mm":247.6,"got_mm":119.0,"err_mm":-128.6}
{"cue_speed_m_s":3.5763,"b_over_R":0.2,"drag_m":1.2192,"want_mm":717.6,"got_mm":325.6,"err_mm":-392.0}
{"cue_speed_m_s":3.5763,"b_over_R":0.25,"drag_m":1.2192,"want_mm":1318.6,"got_mm":586.1,"err_mm":-732.5}
{"cue_speed_m_s":3.5763,"b_over_R":0.3,"drag_m":1.2192,"want_mm":1951.5,"got_mm":1067.8,"err_mm":-883.7}
{"cue_speed_m_s":3.5763,"b_over_R":0.25,"drag_m":2.4384,"want_mm":29.2,"got_mm":20.9,"err_mm":-8.3}
{"cue_speed_m_s":3.5763,"b_over_R":0.3,"drag_m":2.4384,"want_mm":123.2,"got_mm":69.7,"err_mm":-53.5}
{"cue_speed_m_s":3.5763,"b_over_R":0.35,"drag_m":2.4384,"want_mm":209.5,"got_mm":114.1,"err_mm":-95.4}
{"cue_speed_m_s":3.5763,"b_over_R":0.4,"drag_m":2.4384,"want_mm":236.1,"got_mm":132.1,"err_mm":-104.0}
{"cue_speed_m_s":3.5763,"b_over_R":0.45,"drag_m":2.4384,"want_mm":182.7,"got_mm":113.7,"err_mm":-69.0}
{"cue_speed_m_s":3.5763,"b_over_R":0.5,"drag_m":2.4384,"want_mm":71.3,"got_mm":63.7,"err_mm":-7.6}
{"cue_speed_m_s":4.4704,"b_over_R":0.05,"drag_m":0.3048,"want_mm":169.6,"got_mm":79.8,"err_mm":-89.8}
{"cue_speed_m_s":4.4704,"b_over_R":0.1,"drag_m":0.3048,"want_mm":908.0,"got_mm":397.7,"err_mm":-510.3}
{"cue_speed_m_s":4.4704,"b_over_R":0.15,"drag_m":0.3048,"want_mm":2139.6,"got_mm":919.4,"err_mm":-1220.2}
{"cue_speed_m_s":4.4704,"b_over_R":0.1,"drag_m":1.2192,"want_mm":242.6,"got_mm":112.6,"err_mm":-130.0}
{"cue_speed_m_s":4.4704,"b_over_R":0.15,"drag_m":1.2192,"want_mm":981.8,"got_mm":430.8,"err_mm":-551.0}
{"cue_speed_m_s":4.4704,"b_over_R":0.2,"drag_m":1.2192,"want_mm":2078.2,"got_mm":896.4,"err_mm":-1181.8}
{"cue_speed_m_s":4.4704,"b_over_R":0.15,"drag_m":2.4384,"want_mm":105.8,"got_mm":52.9,"err_mm":-52.9}
{"cue_speed_m_s":4.4704,"b_over_R":0.2,"drag_m":2.4384,"want_mm":562.6,"got_mm":254.2,"err_mm":-308.4}
{"cue_speed_m_s":4.4704,"b_over_R":0.25,"drag_m":2.4384,"want_mm":1233.7,"got_mm":543.6,"err_mm":-690.1}
{"cue_speed_m_s":4.4704,"b_over_R":0.3,"drag_m":2.4384,"want_mm":1963.9,"got_mm":904.4,"err_mm":-1059.5}
{"cue_speed_m_s":6.2586,"b_over_R":0.05,"drag_m":0.3048,"want_mm":459.3,"got_mm":201.0,"err_mm":-258.3}
{"cue_speed_m_s":6.2586,"b_over_R":0.1,"drag_m":0.3048,"want_mm":2064.1,"got_mm":876.9,"err_mm":-1187.2}
{"cue_speed_m_s":6.2586,"b_over_R":0.05,"drag_m":1.2192,"want_mm":129.1,"got_mm":59.5,"err_mm":-69.6}
{"cue_speed_m_s":6.2586,"b_over_R":0.1,"drag_m":1.2192,"want_mm":1240.1,"got_mm":531.4,"err_mm":-708.7}
{"cue_speed_m_s":6.2586,"b_over_R":0.1,"drag_m":2.4384,"want_mm":451.1,"got_mm":198.3,"err_mm":-252.8}
{"cue_speed_m_s":6.2586,"b_over_R":0.15,"drag_m":2.4384,"want_mm":1873.6,"got_mm":798.9,"err_mm":-1074.7}
{"cue_speed_m_s":8.4938,"b_over_R":0.05,"drag_m":0.3048,"want_mm":969.8,"got_mm":412.6,"err_mm":-557.2}
{"cue_speed_m_s":8.4938,"b_over_R":0.05,"drag_m":1.2192,"want_mm":565.5,"got_mm":242.9,"err_mm":-322.6}
{"cue_speed_m_s":8.4938,"b_over_R":0.05,"drag_m":2.4384,"want_mm":191.4,"got_mm":84.6,"err_mm":-106.8}
{"cue_speed_m_s":8.4938,"b_over_R":0.1,"drag_m":2.4384,"want_mm":2133.0,"got_mm":899.8,"err_mm":-1233.2}
